image_001.jpg,236.90823,331.0663,-61.651283,225.16757,311.22046,-100.28891,226.49246,308.89078,-100.27813,227.74762,306.27573,-100.4052,224.3621,310.99725,-62.105286,225.10933,307.9824,-62.094913,226.07944,305.10645,-61.88585,247.66293,287.36624,-167.19557,242.66696,287.546,11.151224,260.32718,330.1303,-75.48615,259.9147,330.10867,-24.273062,352.08063,323.4603,-239.11923,386.8753,294.36118,187.4992,362.47925,502.86133,-271.72015,413.2458,460.11035,229.94922,376.50385,664.17896,-263.01578,416.4533,614.116,159.41081,348.02594,680.9195,-322.02808,383.55362,621.34534,166.77057,343.1031,668.99554,-274.1899,381.68634,627.98645,107.45179,355.823,662.8661,-249.04092,395.13794,630.4534,131.83055,667.0416,369.96616,-138.07706,667.2119,356.5238,138.12114,890.51587,451.66348,-62.383766,856.5628,446.73367,196.53397,1116.4423,516.43933,19.57552,1055.8397,506.99347,304.5412,1159.6237,504.87387,21.583626,1098.6108,500.98245,312.81458,1113.465,586.92224,-75.670685,1052.0419,581.4219,254.85085
image_002.jpg,202.6014,319.8498,-82.015625,193.25905,298.98117,-119.31591,194.67537,296.36115,-119.29056,196.00891,293.4487,-119.37641,193.144,300.69077,-78.74285,194.46225,298.7018,-78.748924,196.01646,296.83002,-78.62366,217.76212,275.4156,-178.68704,214.97974,282.446,9.234074,225.4055,319.14185,-93.19882,225.68576,321.5883,-39.039436,323.57904,312.76245,-240.99907,354.55093,297.1504,178.63356,346.68854,484.12607,-270.36234,394.542,458.14078,204.51491,369.32367,656.5182,-264.70624,411.84982,614.4975,129.65137,345.57812,677.04425,-325.85965,383.2584,624.60956,138.71758,339.2372,669.33386,-273.23773,381.49536,631.1312,74.30675,350.0852,661.2436,-248.89818,394.24588,631.86633,101.05984,642.22925,367.4082,-138.79286,638.8665,360.20285,138.90134,860.4334,452.16812,-35.339508,839.5083,447.9602,192.19006,1081.896,514.198,78.42609,1037.2749,505.49203,302.06195,1124.9891,500.52136,83.66165,1079.1682,497.67334,310.7772,1075.9395,584.93964,-15.746465,1035.8145,580.426,243.3715
image_003.jpg,179.61891,345.21655,-73.98185,165.29282,325.68073,-113.19389,166.14429,322.85013,-113.16047,166.92105,319.71295,-113.26663,165.08084,326.56964,-73.804695,165.82516,323.8016,-73.775475,166.78696,321.16507,-73.573135,185.02301,298.07028,-175.47957,182.40826,302.2523,8.985889,202.9443,341.46057,-86.22034,203.11313,342.72403,-33.23858,295.23718,325.75815,-242.13103,330.16632,303.4141,187.62314,329.59467,491.86392,-276.37595,380.8026,461.43405,223.75473,371.18805,660.8008,-270.11505,412.7249,613.4468,161.64465,346.7966,678.8621,-327.62723,385.7404,622.7285,172.72108,342.56137,671.82745,-275.9972,384.03705,627.7878,115.40737,353.15656,664.5123,-254.75739,394.83368,628.9519,135.58865,607.9872,369.0175,-140.03726,606.0216,359.4321,140.11732,834.6026,454.3344,-68.61419,813.26807,444.24118,180.20964,1062.3352,521.7107,8.498114,1019.794,499.56723,257.56122,1104.896,510.18256,12.053937,1060.8395,493.02518,263.75293,1063.1492,591.1,-76.88241,1029.0602,568.3205,199.19893
image_004.jpg,176.75916,354.1789,-46.54705,160.41302,334.77277,-85.46035,160.88696,331.6522,-85.45125,161.30592,328.21918,-85.57898,160.77289,335.8742,-44.941746,161.57764,333.05832,-44.969555,162.56989,330.3503,-44.844116,178.87871,304.69427,-155.71725,178.11508,309.4702,33.240456,200.65753,348.26678,-62.30487,201.3104,350.1452,-7.923251,293.90796,327.7895,-228.75215,331.28412,308.67648,204.58037,348.66418,489.97662,-259.005,395.66953,461.84506,259.78552,377.25006,656.9547,-243.81558,420.03143,612.49927,207.06941,352.24094,676.1715,-297.70044,394.0905,623.2028,221.06316,345.60754,668.2394,-249.37369,388.87915,629.3879,166.94069,356.2707,659.59033,-229.27438,398.4221,630.7376,181.69604,595.95087,379.24042,-137.99326,596.9437,368.88605,138.01115,830.15076,461.1267,-69.447334,815.8838,448.7911,151.59425,1060.5703,521.65564,-5.4795213,1033.2867,500.74902,211.66739,1102.4067,509.11987,-4.0375595,1076.1079,493.88217,215.0975,1068.0901,590.501,-95.7608,1043.4083,569.70386,143.25131
image_005.jpg,249.9472,332.23505,-70.340576,238.38348,311.90933,-110.043335,239.5969,309.2178,-110.02946,240.73814,306.22284,-110.14282,238.24356,312.19363,-69.40741,239.34567,309.33087,-69.46515,240.6561,306.6398,-69.30474,261.72156,285.58832,-181.67314,258.61792,287.5084,7.804867,274.203,329.88928,-86.13174,274.57098,330.7923,-31.563738,372.32834,315.87128,-250.91109,405.1669,301.54358,182.43524,384.5087,491.40344,-279.93457,433.3702,461.6986,240.20935,384.24698,657.83655,-267.87656,433.506,616.1449,171.37328,357.8717,676.7982,-327.2783,405.24872,627.01495,176.29788,350.26578,665.9629,-285.5583,400.81836,631.4802,119.66301,361.69397,659.1943,-256.13193,412.1975,632.9203,144.18864,686.1651,382.12686,-141.1893,684.24084,376.8308,141.14351,915.8794,467.05768,-62.839066,881.2283,461.22485,195.56906,1145.3248,526.10657,18.419186,1079.1779,517.5229,319.31354,1190.0956,514.15027,18.21492,1123.6641,511.73642,328.32425,1142.8352,601.9158,-100.70225,1070.2301,595.7593,254.79033
image_006.jpg,216.52931,309.89102,-87.68878,208.43819,290.05212,-118.53565,210.15607,287.22696,-118.54384,211.77936,284.09705,-118.64592,207.53944,292.66684,-79.45685,208.5365,291.27847,-79.40932,209.7572,290.02243,-79.272606,234.77878,268.4954,-165.80864,229.21288,278.06122,16.56824,240.69633,309.88916,-97.6846,239.89372,313.6785,-45.21419,344.18066,308.53412,-247.52191,372.0315,303.67996,175.54126,360.23392,492.0721,-269.07462,405.1555,470.73724,188.30624,386.3911,662.2797,-258.3324,417.17023,630.78674,119.58024,363.8615,682.4872,-319.42572,388.2988,642.69965,124.39244,357.51672,672.4679,-274.41626,385.67114,646.9653,62.38704,367.74033,665.0328,-245.63559,397.64725,647.36554,90.200134,657.29504,372.6985,-138.68623,652.011,371.31827,138.93361,877.39923,447.0621,-55.652115,833.4346,464.08585,201.56802,1096.7074,513.5179,30.53247,1024.6516,531.49866,317.92142,1135.359,500.4155,35.214386,1063.3085,524.8946,326.04495,1108.4961,583.5449,-61.42174,1034.3014,603.54364,255.34619
image_007.jpg,229.78748,317.56415,-113.73793,218.86136,298.7758,-147.60164,220.58678,295.67163,-147.62177,222.26102,292.2904,-147.85345,216.85794,301.21915,-111.846886,217.22855,299.36664,-111.78245,217.84866,297.67657,-111.58072,242.65973,274.55383,-190.68434,234.26064,282.84857,-23.128798,254.08932,315.12286,-119.035965,252.44342,318.51987,-71.06185,350.53137,309.91156,-256.812,377.12152,289.74103,160.74873,353.5642,488.04706,-282.18082,396.5132,450.8605,182.90732,379.39722,657.109,-285.69037,409.36713,603.8383,97.6394,355.14752,674.8055,-352.32166,379.12054,608.9656,103.135826,349.1771,663.97174,-302.10986,379.37073,613.97314,38.645844,360.6757,658.5258,-270.67877,392.1669,616.11365,68.61252,664.1436,364.0237,-140.34186,655.3563,356.57364,140.4086,875.324,452.5209,-62.408943,806.74225,464.98428,217.6987,1093.3425,521.4134,26.063984,978.84326,548.00476,353.5045,1135.155,511.40552,28.269472,1018.06976,548.5643,364.41342,1087.6702,589.4826,-79.5685,963.57306,623.57837,303.63724
image_008.jpg,278.20477,333.5487,-49.51394,268.92224,312.5242,-87.428894,270.49512,309.7198,-87.420006,271.95807,306.65802,-87.49028,268.30807,313.22684,-47.512787,269.38412,310.60922,-47.530525,270.67712,308.14603,-47.386665,294.75745,286.61874,-158.1445,290.07007,291.2405,27.535648,302.51465,332.2923,-65.86194,302.11765,333.831,-12.451081,402.37717,323.18555,-230.5723,429.37415,302.76926,191.88068,412.5273,499.76004,-272.39368,447.2561,467.94968,240.57806,414.95682,663.7177,-273.05557,437.75354,616.03674,187.33017,384.9303,682.70874,-330.18335,401.99844,623.83185,196.19394,379.4912,671.63464,-283.6131,400.5829,630.39575,140.4745,392.1434,665.13904,-260.15442,415.71198,632.1879,161.03523,716.58636,372.71814,-136.33217,715.40906,364.32132,136.39484,935.93604,465.00577,-56.917477,916.8933,456.1311,182.02531,1156.78,523.51776,29.114243,1114.367,510.00296,283.307,1199.8973,510.97864,30.927885,1156.4113,500.93945,291.22537,1153.4922,597.22656,-68.51707,1114.3898,590.33826,227.44081
image_009.jpg,241.26904,332.23364,-74.68077,229.56093,311.9068,-116.170425,230.93579,309.6108,-116.178276,232.23679,307.04843,-116.285645,228.8699,310.8905,-76.417694,229.61807,307.64673,-76.437035,230.59659,304.52625,-76.30336,252.1373,287.47845,-194.05545,247.46178,285.01166,-9.1114025,265.20624,331.4051,-92.10495,264.70752,330.68384,-38.73935,359.5669,323.2198,-258.86816,391.00922,289.1405,170.76012,368.93408,499.1676,-277.171,416.03558,448.82602,238.5361,379.56314,656.7622,-235.55606,419.07867,595.2923,181.65659,355.23004,678.1268,-291.19977,390.63696,605.9664,187.87215,349.4828,664.735,-253.12943,388.46185,611.7811,134.7575,361.71692,655.70386,-224.4172,400.77808,613.63275,156.42361,678.9286,369.82916,-138.4077,674.2646,353.01764,138.42007,899.7857,461.35025,-60.295166,848.3609,444.33557,210.42752,1127.8806,520.596,23.660688,1047.7642,509.6583,332.2354,1172.7256,508.321,23.749458,1092.1353,504.92838,340.49057,1120.4792,597.90063,-82.61853,1038.1653,585.3692,289.6925
image_010.jpg,206.017,323.51996,-76.625275,194.43134,303.5559,-115.75226,195.6131,301.1274,-115.72144,196.72168,298.4013,-115.85557,194.28574,304.08035,-76.01899,195.43918,301.36038,-76.001785,196.81885,298.7871,-75.8266,217.103,279.3932,-178.16673,214.43484,282.33902,6.153242,229.09702,322.2501,-88.86633,229.44328,323.0443,-35.85878,323.9306,314.53702,-243.88792,358.6667,294.739,182.55873,339.7025,486.0176,-277.68335,395.8014,456.49152,207.75542,364.94064,658.76086,-280.71704,418.13568,611.83905,135.23567,338.05322,676.2368,-344.46057,389.04144,619.0646,144.50732,333.76776,667.0614,-290.3339,388.10303,624.76105,81.40777,345.2922,660.5582,-264.90186,399.7495,626.76245,106.88512,639.8682,365.79453,-139.48607,637.2268,358.3113,139.54686,860.8392,454.3435,-67.08281,832.81525,451.2443,180.44766,1085.8362,521.6938,21.033554,1034.8517,509.94797,283.1913,1129.991,510.2137,23.142187,1077.6633,504.59137,290.78098,1075.1993,591.7439,-83.665146,1029.8646,582.3701,218.17249
image_011.jpg,319.5454,348.21497,-61.572662,308.3672,329.9313,-96.0589,309.46332,326.80392,-96.04826,310.48264,323.42908,-96.226265,307.6784,331.4124,-56.168293,308.36298,329.21222,-56.18015,309.22397,327.1696,-56.061203,328.0739,302.8503,-154.46309,324.00348,309.42596,25.72072,340.7631,343.34015,-74.29076,340.12408,345.9115,-22.45507,426.23145,324.33972,-226.26869,446.9832,315.68613,191.95111,437.56284,471.63126,-274.18658,466.18707,461.62357,221.57225,430.50415,619.1898,-303.1034,459.5299,596.25165,145.18048,400.00613,634.4858,-365.54462,427.9389,601.3288,156.998,393.6792,625.13226,-316.16226,425.5035,606.6931,98.79799,405.6624,620.5326,-288.43658,438.34656,607.9063,119.314865,691.0369,368.43127,-136.5661,685.99414,364.20056,136.5533,881.7278,479.96814,-78.07499,867.6454,459.30634,136.90262,1066.9135,541.05566,-31.925325,1050.2065,516.9279,201.30536,1106.7166,531.6943,-35.497288,1088.6063,513.3676,204.62811,1049.5002,612.16815,-150.91931,1044.6642,594.4807,125.212524
image_012.jpg,324.657,318.18094,-132.56079,316.95267,297.94464,-154.6647,318.80945,293.99033,-154.63428,320.57834,289.83334,-154.67319,315.25333,303.67627,-119.09146,315.8005,303.77744,-119.0451,316.48096,304.0388,-119.019104,341.16296,275.32675,-167.93298,333.37518,293.4214,-8.635211,346.8823,315.15567,-130.45688,344.3613,323.22882,-84.38793,435.6378,317.19788,-238.56943,448.64893,313.8464,157.73892,439.77264,482.28024,-278.5841,459.93332,461.44724,158.70763,432.74246,618.9436,-309.72125,444.28375,596.3727,76.48015,406.73874,635.2471,-379.37323,414.17587,606.3206,84.19501,398.78796,624.33887,-337.46307,412.9678,608.22876,25.290607,409.27344,618.4906,-299.18582,425.45712,606.1996,50.183983,698.0847,358.81616,-133.99232,691.06165,360.01926,134.18372,882.87164,478.05557,-95.02473,869.762,462.39557,119.947754,1068.7648,542.4688,-60.10385,1053.2876,523.8995,172.29895,1111.6119,532.7167,-65.40522,1091.0656,519.43243,172.68217,1047.4233,617.8554,-193.45512,1052.2128,603.56683,84.67552
image_013.jpg,318.1209,314.2665,-151.5112,311.13266,294.29468,-171.32912,313.28882,290.36285,-171.30093,315.36942,286.2233,-171.40984,308.6285,300.31955,-137.0299,308.90924,300.53647,-136.96587,309.32672,300.92706,-136.87686,336.54935,273.01724,-175.02344,326.32263,291.278,-21.890486,341.14108,311.692,-145.75516,337.67523,320.1082,-101.665634,431.35443,318.75925,-246.87885,445.31152,312.24643,156.33086,433.98682,481.12524,-298.64337,454.20038,462.64114,151.14178,427.10962,620.46,-338.04028,437.35254,599.55743,52.720047,399.47333,635.8395,-409.85815,405.01733,607.1105,59.167847,392.48383,625.3407,-362.68195,405.44397,609.93884,-2.8703415,403.91907,620.23553,-324.9261,419.01886,608.19037,25.450895,694.7574,362.5141,-135.23352,688.5956,362.28082,135.32901,882.1565,479.48395,-96.64134,868.41675,462.5057,121.55479,1072.0098,547.2238,-59.329067,1053.082,527.1315,171.67436,1116.0763,539.16516,-65.40052,1091.7622,526.15845,171.63634,1045.8835,619.24115,-197.73483,1044.464,602.5019,82.147644
image_014.jpg,319.08032,330.23843,-106.39203,308.96103,310.94098,-136.07172,310.55667,307.36993,-136.02786,312.09534,303.54205,-136.247,307.04587,314.11023,-95.18912,307.32617,312.68576,-95.19362,307.76416,311.44162,-95.07205,330.20026,284.98712,-172.4842,322.265,295.30298,11.489078,341.45523,325.90158,-110.189354,339.15765,330.7013,-57.248516,425.9056,316.21265,-246.06554,447.55203,308.0042,204.3599,440.34393,468.04126,-307.83087,466.358,456.49326,221.86356,435.3589,617.87524,-327.8969,453.87527,592.3678,100.47088,407.7384,631.127,-393.94592,422.52682,595.2766,109.31789,401.1937,623.3093,-339.75116,419.5365,602.28595,46.08549,412.5271,619.1084,-310.5764,432.21115,604.3376,71.82375,690.24475,381.86508,-146.35213,687.61597,377.82645,146.26779,873.8217,489.9468,-98.95768,866.09155,473.3578,154.52316,1063.123,550.9102,-39.88988,1051.153,531.34247,234.65387,1106.6816,543.36725,-43.837147,1090.6466,530.3048,238.86133,1037.9258,618.8235,-175.79309,1039.1882,606.1552,154.79211
image_015.jpg,318.92114,310.37076,-155.02809,312.54425,290.4458,-177.35349,314.7441,286.77444,-177.29143,316.86322,282.88165,-177.40373,310.0512,295.4261,-139.54425,310.43652,295.0619,-139.51346,310.95642,294.9007,-139.39645,337.80884,269.1964,-187.87727,327.67886,283.96756,-19.344624,341.7366,308.61133,-150.91666,338.54675,315.484,-102.27237,430.5642,314.0516,-260.78735,448.22147,307.68936,175.3522,436.75104,473.3528,-319.92282,461.87405,458.81305,175.83871,432.30557,619.13184,-362.1313,447.992,597.9542,65.84443,405.78668,632.74255,-436.5047,416.69092,603.60785,75.02778,398.9051,623.70483,-386.98807,415.59418,608.7472,10.12447,409.7696,619.001,-347.88898,428.2463,608.7322,37.373028,690.64825,369.6369,-146.10202,685.9437,369.5748,146.18773,876.74756,484.48035,-116.02794,861.5609,468.08063,138.93813,1071.8788,544.7424,-71.71981,1052.0178,524.8914,204.62735,1118.1536,536.4607,-78.7291,1092.8322,522.71045,206.4241,1039.0117,617.82245,-222.63141,1035.7637,603.90454,117.465355
image_016.jpg,320.42474,327.44238,-74.22017,312.10083,307.92285,-108.1532,313.6181,305.03494,-108.12064,315.06226,301.91815,-108.25232,311.48706,309.58398,-65.35671,312.6697,307.6545,-65.31027,314.00497,305.90182,-65.16158,335.2856,285.6521,-161.25632,331.23462,292.12195,29.201727,341.61322,326.42563,-85.24965,340.8821,328.96707,-30.277212,428.21628,322.70908,-246.18666,450.85312,313.29382,200.40683,432.7094,483.64258,-305.85336,462.5711,466.29776,211.646,425.98602,625.46094,-347.58286,444.05685,601.9329,126.01553,395.2313,637.8417,-419.6016,408.45627,605.61444,142.25822,390.0969,627.3045,-367.31662,406.81335,610.6525,79.51878,401.42258,623.67255,-332.9566,420.40134,612.0556,98.442986,696.02545,366.31558,-145.90273,692.84656,363.30255,146.12688,883.70166,480.84738,-102.449036,869.9824,468.80618,140.19803,1073.6282,548.6047,-62.675804,1055.9777,532.0728,193.37027,1115.8943,542.4651,-68.23511,1094.1992,529.9928,195.43124,1046.6562,617.4543,-195.93509,1046.5398,608.17065,111.53133
image_017.jpg,328.14087,339.03683,-93.35517,316.23486,320.89307,-122.274414,317.43127,317.2755,-122.21474,318.57928,313.4287,-122.31152,314.80023,324.11456,-83.43623,315.0208,322.65607,-83.39966,315.38837,321.3898,-83.30303,335.7008,294.84415,-159.69502,329.06372,305.37274,14.1051855,350.15125,333.59116,-98.762695,348.246,338.51242,-48.578114,431.6562,321.42923,-244.77527,448.42413,318.24472,191.55565,440.1088,484.6103,-314.63385,463.66638,467.89386,215.72934,429.38806,622.1632,-351.53503,444.4226,600.64606,113.311676,400.88354,635.7815,-419.6803,412.5448,608.60846,125.50838,394.94104,627.1526,-373.13513,410.91235,610.96814,66.140686,405.66254,622.528,-338.58112,423.21436,609.58185,87.0971,691.67596,369.50986,-146.03534,687.6271,372.59256,146.12546,880.5537,491.45758,-107.198784,866.45337,472.4587,137.95587,1070.2532,546.23425,-74.29579,1052.5963,528.8223,199.77856,1114.8293,536.62714,-81.37782,1091.411,526.2259,201.7022,1043.8878,620.06323,-214.2871,1045.4506,607.28894,116.00234
image_018.jpg,324.2538,337.16864,-115.2189,313.01868,318.12207,-143.07321,314.49356,314.17227,-142.99516,315.9134,309.9951,-143.14966,311.09387,322.18735,-101.88569,311.20023,321.17908,-101.87633,311.45648,320.35934,-101.78471,333.51593,291.62228,-172.99834,325.4123,304.44464,10.461764,346.8115,331.67984,-117.31879,344.2825,337.87653,-64.33835,427.76218,323.06165,-256.5851,447.52893,315.80685,202.86365,439.83078,482.3122,-329.9966,468.48404,463.65952,218.441,429.90625,622.02655,-361.63165,452.5981,595.75696,92.55887,402.65488,634.407,-432.71426,422.0726,601.8642,102.785255,396.3721,627.2431,-383.799,419.7555,607.0307,41.717678,407.39172,622.8606,-347.323,431.6903,607.10004,64.8753,690.1504,374.91635,-151.83644,687.3384,374.51132,151.85468,873.692,488.81503,-122.10113,861.65344,472.48312,153.42198,1062.0674,542.9171,-84.27262,1046.886,525.796,232.38452,1107.3457,534.27936,-91.84037,1086.6631,523.7338,235.44456,1032.6448,617.2123,-236.40837,1035.421,605.0298,145.70407
image_019.jpg,320.2945,350.39313,-143.5807,307.86694,331.61743,-166.41296,309.06427,326.6537,-166.35767,310.20416,321.44595,-166.52762,306.05115,338.85013,-124.25194,305.96164,339.1342,-124.26297,306.0288,339.5572,-124.17784,324.4679,300.99356,-181.18982,317.16504,323.1093,9.479228,341.23746,341.0598,-140.5492,338.89328,350.9289,-85.429886,416.29654,323.68427,-251.83275,436.8735,325.05298,205.5079,443.31104,474.13165,-313.51407,471.54364,464.84192,221.37982,437.54962,615.6626,-323.8723,457.7867,595.4592,78.982376,412.39026,628.0928,-389.30286,429.11877,601.70264,85.342834,404.12915,623.3397,-339.1455,423.71426,608.38544,23.37999,414.9019,618.9051,-307.11575,435.60986,608.4788,50.307785,675.70807,391.90576,-150.3537,673.52747,392.37985,150.2759,863.6848,496.19073,-116.82089,852.85095,477.96738,158.17091,1054.8784,548.66736,-68.624695,1039.9673,525.9722,241.86003,1099.5146,538.14435,-73.91847,1080.3965,522.22974,244.82797,1033.2145,620.7278,-215.71611,1031.4651,600.23004,151.73834
image_020.jpg,320.11887,333.05066,-92.1198,309.4779,314.49472,-117.38916,310.77118,310.7625,-117.35707,312.00378,306.79056,-117.484024,308.09302,318.89993,-81.33894,308.46796,318.10858,-81.28994,308.98737,317.4794,-81.180305,328.90497,289.79132,-142.97285,322.73816,303.93954,19.436775,341.03824,328.40643,-93.14251,339.1611,334.59164,-46.39013,420.16342,320.9733,-217.45142,441.29553,317.61646,194.03775,429.3189,477.91678,-258.4703,458.50372,465.28314,209.38992,428.16156,619.4031,-276.7055,453.53326,599.6564,120.117615,399.8443,633.70306,-338.36453,424.23895,605.1616,133.74554,393.57556,623.55743,-289.73666,422.89352,608.56213,74.60821,404.74036,619.0895,-261.58572,434.2829,608.2498,94.80383,679.67413,370.31122,-139.55563,675.36523,369.29718,139.50899,872.9757,483.46548,-99.83623,855.4525,464.76904,130.78377,1061.0154,543.37286,-68.83686,1039.6637,523.1716,189.69069,1102.859,532.799,-74.58433,1078.114,519.8623,191.2221,1041.3088,615.04913,-198.68814,1034.4033,601.9521,108.99414
image_021.jpg,940.9446,365.84473,-24.679195,958.18665,351.3637,-16.506306,958.2563,347.94638,-16.419027,958.45593,344.65692,-16.595278,956.62976,352.62323,-59.86729,956.24274,349.2928,-59.96663,955.7915,346.01514,-60.07656,948.77405,320.5803,50.30481,945.6463,321.4986,-139.26793,920.55695,356.887,8.419355,920.1946,357.12054,-46.860462,829.1792,304.15457,176.80511,846.1398,330.15704,-225.93468,778.00806,441.62915,226.74158,806.49963,505.2401,-241.14221,785.49133,540.73083,166.15494,828.378,639.1508,-209.69313,806.21094,546.0175,161.82657,850.41003,661.2658,-265.51553,815.58344,554.54913,123.703995,857.92413,653.2414,-249.91225,807.20825,555.4069,147.9487,845.4197,645.74426,-203.6274,554.0597,386.42145,122.82124,555.4703,395.14316,-122.49935,367.53912,458.306,184.42186,369.8659,469.29114,-28.417553,185.94261,494.3655,293.81775,171.81378,511.31406,72.405106,149.60666,482.8989,299.94235,131.57806,500.92163,70.32567,176.37497,565.8157,216.33661,170.21461,589.45685,-42.859444
image_022.jpg,951.917,181.8965,-220.56444,966.22156,171.42433,-198.88528,966.6443,173.91066,-198.6566,967.1919,176.47289,-198.73933,962.17944,160.71548,-226.8268,959.81433,154.23866,-226.8889,957.39844,147.90208,-227.11438,950.6074,169.52705,-52.43524,939.1758,133.53139,-175.79393,931.16205,192.67055,-160.13701,926.07635,176.95041,-195.68936,827.18677,174.99648,142.3869,843.68933,200.2278,-238.87286,781.86206,309.41263,189.45572,814.0906,368.75693,-254.6058,800.72925,427.38794,125.42481,844.06885,509.65414,-223.91664,826.2688,430.8933,123.85337,869.5621,528.3471,-268.52914,835.67676,445.75894,81.699295,881.126,520.1818,-248.57797,821.55164,449.67175,106.278244,865.249,514.3451,-215.76569,558.356,269.14618,117.8867,556.834,287.75183,-117.35715,385.6988,348.08936,181.32042,371.00256,362.11902,-48.9929,198.4108,368.30524,290.60352,166.68846,388.0195,21.279968,158.9772,353.41684,297.78665,123.538475,375.90405,17.124586,192.00188,446.7001,245.30104,169.31992,464.39777,-90.38112
image_023.jpg,926.96704,188.07352,-278.63632,944.588,177.94449,-254.87329,946.52747,182.02324,-254.6651,948.5582,186.16136,-254.68445,937.2104,164.02695,-281.94952,933.6978,156.5076,-281.9351,930.14215,149.20055,-282.13513,932.9353,183.59627,-90.04561,909.96326,136.5806,-207.62607,908.4154,203.96161,-210.34528,898.48804,183.43704,-244.35565,804.8474,182.61147,139.56863,821.0815,216.9626,-273.82153,749.2427,306.75662,211.8202,782.70197,376.73166,-283.47455,771.31476,416.25842,153.35309,815.2496,509.1394,-245.70497,794.64136,424.13068,158.49359,836.6291,528.96,-287.9449,804.60767,438.71246,115.43751,849.7117,521.7107,-268.17236,790.7718,441.1448,134.7085,833.9987,514.3798,-235.33554,533.492,269.9057,122.89619,532.56934,294.75687,-122.26309,366.8535,349.8467,200.11386,348.24854,368.1096,-53.32649,178.62999,371.0494,315.93546,149.27777,387.52274,19.341093,138.74683,355.3465,322.52362,107.68692,371.72736,18.069172,171.4284,454.0964,286.14487,145.43144,465.89825,-71.652306
image_024.jpg,912.44336,201.99844,-26.35829,921.5162,184.58623,-16.704102,920.5923,182.35027,-16.53116,919.8065,180.22806,-16.594261,919.55566,185.06628,-57.46707,917.5976,182.24115,-57.505207,915.5836,179.48958,-57.597042,900.75616,167.33768,54.123493,895.6528,166.12749,-125.16611,890.84033,204.82721,6.3828573,888.905,203.43774,-45.464447,780.16614,184.25832,196.01913,798.324,207.94637,-214.38736,735.21674,298.90918,259.76752,762.74384,349.85025,-235.4538,760.6825,411.6513,180.08896,797.8232,475.76038,-217.31377,788.14307,412.34933,186.19887,825.256,489.82278,-265.9843,797.7676,430.36676,133.64935,834.22314,480.12405,-242.30594,785.4011,434.3131,156.14806,821.1139,476.61044,-209.6367,538.9541,268.19257,128.38254,543.4588,279.84033,-127.70199,372.61398,352.4457,170.60327,363.50583,353.8684,-65.41612,197.99797,385.81256,279.67923,171.92578,395.62622,9.446562,163.36441,376.99335,285.88202,132.11163,390.47067,2.9614496,194.23749,451.63168,215.1687,180.44751,468.48416,-115.900055
image_025.jpg,986.1468,213.3974,-22.167892,1000.84033,199.47739,-10.984179,1000.01465,196.994,-10.7915125,999.36694,194.63911,-10.892539,999.56335,199.26657,-49.401497,998.7556,195.71521,-49.47087,997.8822,192.2834,-49.63194,982.52747,178.58604,62.162224,981.71295,174.56604,-102.38556,961.433,212.20763,13.852124,961.491,209.99097,-34.217735,835.18646,184.91917,236.9291,871.7733,214.69972,-202.5989,795.6451,366.81277,320.4522,846.27905,422.40723,-211.39162,805.8408,506.27325,275.31915,880.79333,595.3557,-136.69298,835.2776,506.25095,279.71857,918.39343,616.41376,-181.48611,845.16296,525.18994,228.53667,924.27014,605.55707,-149.39914,832.8995,530.2384,254.01944,906.1631,600.6258,-122.64504,542.42926,270.30258,136.46512,549.8742,280.72092,-135.93488,322.44382,404.8638,153.41095,335.38873,422.88815,-58.177143,101.44108,464.38388,256.82355,92.961845,493.07852,55.37549,56.054955,452.58,259.76706,41.99917,482.39554,52.42613,99.46129,546.2458,169.20862,108.31951,590.3405,-62.769165
image_026.jpg,938.1027,217.89899,27.372686,952.3676,200.87573,39.44495,951.7174,197.24162,39.561222,951.22833,193.75182,39.42452,951.1923,203.35367,-5.667872,950.4294,200.40904,-5.736184,949.6013,197.54327,-5.8940487,933.627,172.7592,96.29383,932.2649,177.2984,-97.15542,912.50916,212.84511,57.417114,912.4616,213.2705,1.0765347,788.0643,173.98625,229.02824,824.55774,209.38118,-205.01288,741.61676,348.10416,330.5185,806.3402,409.9752,-214.13623,757.5399,488.2615,279.38727,847.3198,585.8287,-112.33898,781.89136,491.55008,277.6144,880.1004,612.88324,-148.55162,795.37134,509.5671,228.08188,889.5924,603.17584,-109.76767,785.094,513.45465,259.68463,872.7758,595.8226,-94.77098,493.52942,282.1031,128.38818,495.26526,293.38248,-127.84186,284.67667,417.87585,165.34636,283.495,431.48465,-47.830925,63.088417,478.48038,302.10883,50.711823,496.76404,77.60851,23.170624,466.76523,309.79025,4.2582703,482.50793,81.926186,39.74552,540.23553,228.89859,50.088577,582.07263,-12.948041
image_027.jpg,993.7946,261.98154,-142.10875,1004.11633,240.65224,-134.64322,1002.94434,239.24922,-134.54834,1001.98706,238.0331,-134.69588,1003.06714,238.74248,-180.17458,1001.08044,234.72601,-180.3076,999.0227,230.7722,-180.46216,980.2612,219.34927,-54.794346,975.797,208.55579,-250.89139,966.8627,263.36343,-104.09283,965.8888,259.03058,-160.78714,872.60657,252.53358,86.97631,848.56946,233.76414,-321.22046,815.05347,380.17572,216.27307,789.74365,389.64575,-330.37234,832.06,510.60178,187.97998,809.812,537.12115,-277.49585,850.1776,527.34644,179.62857,818.56476,563.7486,-326.08667,861.2515,536.219,135.97191,838.14233,557.90344,-317.7228,847.6209,532.4758,165.62376,830.58325,548.8996,-275.3332,602.663,361.8665,120.41922,578.61456,343.8501,-119.75867,448.357,448.96887,200.20079,404.52878,427.7102,-41.784687,270.8117,468.78418,370.33096,213.73413,442.1888,89.483215,237.7225,454.03433,382.32785,175.69247,425.18652,97.579185,237.83722,527.0085,332.8628,193.6805,515.2349,17.06024
image_028.jpg,1075.404,251.30006,-204.14598,1084.0717,229.6031,-196.96138,1082.7587,227.67903,-196.77336,1081.6123,225.91293,-196.83852,1082.5042,228.89551,-239.9021,1080.3258,225.4387,-239.99765,1078.0972,222.0575,-240.18037,1058.2234,206.60254,-111.01005,1054.0612,201.164,-297.39597,1048.7145,251.91786,-163.92958,1047.5304,249.45135,-217.7286,945.01654,222.41083,31.319883,932.6538,245.58662,-342.53238,895.0384,364.2591,128.40184,882.7127,412.22992,-310.9946,918.87866,503.7599,103.04997,896.30493,556.62775,-265.44897,946.6859,514.563,87.349304,910.2721,579.92456,-324.49603,955.36066,529.6503,39.848686,928.80646,573.19586,-319.64914,938.8709,530.24286,79.83914,918.1711,564.4931,-265.61447,672.83887,321.0848,104.05307,652.0636,330.49445,-103.477585,511.51703,416.4201,201.89034,472.4437,424.7285,12.635016,343.29968,459.95892,373.0695,289.36182,459.62335,142.00423,308.2341,450.66284,384.9893,250.05135,448.9692,147.57571,329.53275,521.7833,328.0734,289.3402,528.4521,51.693886
image_029.jpg,947.74304,222.10768,-285.5567,953.6133,196.37422,-276.1005,952.5452,195.89626,-275.88922,951.7172,195.65213,-276.0057,949.3917,192.54272,-320.16406,945.2954,187.852,-320.2464,941.11993,183.24963,-320.22815,921.0397,180.79884,-167.54906,907.77496,163.15315,-356.28363,917.9829,230.16066,-236.37392,913.30084,223.62137,-291.16663,805.57764,219.644,-18.65475,772.078,228.18478,-397.5195,766.77216,378.38116,59.575157,731.8926,425.05817,-364.5779,778.905,540.10126,32.376495,749.67944,590.38513,-310.14536,805.12604,555.71796,15.299709,765.4269,618.16754,-377.82803,809.1162,569.1264,-38.525642,785.07336,606.579,-371.3227,789.25635,567.7212,6.3136773,773.0067,597.4893,-311.97644,483.63376,327.76413,105.751945,452.1281,327.14352,-105.0105,309.27274,432.8363,240.35698,265.76422,432.6884,73.20605,128.76854,474.60876,449.77887,82.293205,473.70642,260.26688,94.63558,461.0726,466.24805,42.86049,461.4772,273.89075,96.480064,539.80414,394.34088,76.21197,552.2032,173.302
image_030.jpg,998.1727,224.66269,-308.61682,1005.7081,201.19211,-301.4502,1004.4683,200.7657,-301.2003,1003.48724,200.54675,-301.22617,1001.5643,197.57523,-345.11865,997.7284,193.133,-345.3018,993.8199,188.7787,-345.4389,973.94824,188.96663,-199.61261,962.00073,171.84476,-384.98642,968.93097,234.22755,-260.79138,964.59827,227.72688,-314.97845,843.95435,228.43683,-21.607918,830.6885,238.98846,-423.0495,799.0166,374.5063,74.24822,794.3528,421.7719,-367.18124,817.183,522.8404,89.8793,802.09534,592.266,-298.37534,848.0911,526.2483,91.87512,821.2739,614.1282,-362.56024,856.3134,546.14087,37.7357,838.5291,604.18787,-346.7503,837.91077,549.7514,63.982502,826.17944,597.9252,-295.36124,548.83105,325.5368,107.548355,513.5094,326.54602,-107.11307,473.37897,477.26175,301.68942,320.38373,431.30685,78.29992,361.54495,580.5235,542.1701,143.48717,475.58502,250.7917,326.76447,583.49695,562.6091,103.144226,471.9078,261.54626,375.8868,652.1324,514.6814,155.9497,546.8077,156.32881
image_031.jpg,1072.8778,223.98175,-246.17097,1077.2598,200.6807,-234.98352,1075.9053,200.2411,-234.8063,1074.771,200.00912,-234.8242,1073.6411,197.6189,-278.237,1069.7847,193.45758,-278.35394,1065.8379,189.39119,-278.4037,1043.5071,189.38866,-133.05275,1032.3585,173.77684,-319.54898,1042.6942,234.39734,-200.5315,1038.7599,228.20657,-254.83604,921.9525,234.41107,17.072115,896.5602,245.04599,-370.00262,881.54816,391.7701,118.926384,852.4521,434.68024,-333.97913,908.29803,544.213,121.89183,867.5066,596.8397,-282.18027,937.73865,557.7939,116.03889,880.0976,623.6759,-345.6222,944.14417,571.1746,68.638054,901.0294,616.0527,-336.16763,924.92114,570.54443,98.90729,891.06494,607.3461,-282.2259,611.5787,343.54605,108.22639,585.6947,341.01752,-107.586815,443.19077,455.3294,227.9194,405.02283,453.29324,27.712433,259.66132,500.14996,437.18686,219.58656,476.97452,220.5932,226.07999,487.3273,454.33264,183.59299,462.77094,237.14615,224.83768,563.541,399.6076,202.45084,549.55133,158.65973
image_032.jpg,1018.1029,188.48055,-287.71487,1022.353,165.86246,-279.34296,1021.7186,165.34286,-279.1672,1021.3197,165.08775,-279.18817,1017.1099,163.87462,-313.6544,1013.0409,160.74583,-313.74225,1008.8987,157.7389,-313.8072,995.45337,159.68243,-182.40231,979.8828,148.01501,-328.54706,993.27423,201.47166,-245.05801,987.73425,197.5487,-287.41483,891.0564,221.3903,-16.263407,852.56055,219.04318,-373.456,866.44403,383.76636,88.46665,814.5267,411.7832,-334.86517,882.3242,533.71716,90.224464,837.3916,566.30426,-285.35382,912.7878,546.1407,81.146835,857.0045,589.2748,-344.50055,912.19446,556.4486,30.265005,876.4654,577.75525,-333.9372,891.94653,556.2705,66.57478,864.6333,571.0043,-284.70416,583.18677,300.01868,103.715324,548.2348,287.5727,-103.02254,426.36646,427.09995,197.73611,350.44763,405.57394,-2.7474878,259.63412,480.34833,388.76416,157.47177,454.2414,124.18397,225.43083,472.79465,402.1794,119.67941,445.94247,132.28055,242.9834,540.83014,358.51117,149.64236,525.8004,53.452545
image_033.jpg,991.01245,194.4692,-178.81201,997.63513,173.39102,-177.81754,995.8908,171.93306,-177.64404,994.4049,170.68324,-177.68594,996.2887,173.27357,-214.69669,993.8583,170.47894,-214.79704,991.32996,167.73547,-214.90387,970.9772,162.67535,-105.609985,966.78394,155.69875,-263.03976,965.3124,202.86792,-143.92468,964.3834,200.65636,-189.5897,863.2368,223.2052,46.564465,848.18567,210.4708,-328.0915,836.2107,383.6958,125.86267,818.07245,392.45227,-308.9638,844.93066,533.03723,102.692856,824.60724,561.4267,-268.83057,868.67163,541.3229,89.11255,839.3222,582.14417,-329.33255,873.8752,548.8144,36.61695,856.715,576.10004,-319.3552,858.4799,549.60547,77.67684,845.74756,571.07764,-268.3527,571.42566,325.84753,111.13295,548.4175,312.2152,-110.256584,430.87192,441.65195,185.26474,354.64752,420.8241,-38.192997,263.65793,483.0211,363.11578,147.48466,459.0086,69.480865,228.41977,474.85034,375.60025,105.40249,451.80945,71.67962,246.88596,542.20917,330.8087,142.62077,525.9515,-24.878265
image_034.jpg,969.17017,218.06161,-151.15099,977.8025,197.414,-149.44487,975.7125,195.22134,-149.2476,973.8429,193.22252,-149.27263,977.3764,198.26773,-189.81741,975.4373,195.48729,-189.86395,973.39325,192.77087,-189.93048,948.4606,181.72717,-82.67979,947.9785,178.4183,-256.5633,940.6122,223.02353,-118.56208,940.9012,221.72618,-169.08664,828.4643,222.2278,64.600426,821.7935,230.07178,-332.27118,806.1636,384.9059,146.45277,800.6498,413.63947,-327.87286,817.67224,532.7764,99.24675,818.8157,578.7467,-284.73187,846.0364,537.8498,80.04402,842.63403,597.7742,-350.7539,851.1484,546.4631,24.279572,857.56036,587.04987,-334.14066,835.2809,548.9675,72.32398,843.4201,581.5024,-282.55472,535.7408,315.3441,114.97771,518.70087,313.47873,-114.226746,375.1327,428.27274,194.26772,325.42236,416.19214,-7.0620084,199.2495,462.6972,382.29968,128.08093,447.71936,130.82863,165.00552,451.83987,395.8478,88.89286,438.37122,134.6433,176.07964,525.94696,337.37238,123.264084,523.7519,30.759123
image_035.jpg,1075.2427,213.76326,-213.41595,1082.8937,187.51424,-208.8581,1081.6991,186.06302,-208.6278,1080.7618,184.80641,-208.6647,1079.436,186.66348,-252.81073,1075.9052,182.84947,-252.94891,1072.2767,179.1286,-252.98875,1053.4557,170.88362,-121.202515,1042.4791,161.63922,-309.77765,1046.386,221.71178,-170.45035,1043.0133,218.15883,-225.74767,934.7583,222.16722,30.224085,904.66284,225.43233,-358.86417,871.6105,392.38498,131.90001,839.99207,424.60553,-315.12717,881.3638,558.498,141.07333,847.5922,599.04456,-249.23871,905.04944,575.6082,132.01703,857.0712,630.1504,-310.74484,913.7896,589.1404,87.8094,881.19086,623.4441,-305.2932,896.2617,586.22437,118.29486,872.1097,613.6904,-250.91261,611.82526,349.20197,113.74478,585.3224,342.02237,-112.85252,423.00415,454.01,184.36151,386.02972,459.22284,-21.029703,213.27686,506.48523,328.92288,168.7193,484.9244,118.69384,174.94443,493.98746,339.19833,124.75342,469.44858,127.72864,177.62024,573.37335,277.3308,156.45607,564.2838,41.241146
image_036.jpg,1051.4009,210.23563,-268.94946,1059.9973,184.62698,-260.27112,1059.6084,183.76219,-260.03995,1059.4479,183.09682,-260.1241,1054.9584,182.20903,-303.56778,1050.8201,178.14095,-303.7084,1046.6282,174.17975,-303.8783,1032.8724,170.28297,-154.37479,1016.8783,157.71603,-340.37247,1024.7758,219.95053,-220.29419,1018.8949,214.73036,-274.10748,908.5388,210.52002,13.344393,889.5102,232.26894,-391.54483,844.3466,367.244,105.59426,836.2989,429.35596,-353.92297,860.3273,509.6157,117.5396,854.03125,593.87494,-282.88184,883.18445,522.89246,116.13185,864.1505,624.3066,-343.55145,890.0293,536.424,69.17653,887.2171,616.7425,-335.24982,873.9517,536.0759,95.57912,876.64307,606.4759,-281.45422,592.0863,334.38943,110.4065,567.8953,340.22025,-109.58925,405.01654,446.70544,199.06241,359.70154,459.00052,-8.902228,202.8553,503.31235,378.06256,144.2775,496.031,126.25416,163.47278,493.5699,390.47095,99.49024,483.2782,134.9626,177.61966,566.1916,331.07776,138.14465,570.9704,43.2777
image_037.jpg,375.18787,333.34265,27.465778,363.83716,315.8297,-3.3728192,364.38104,312.96698,-3.3422651,364.90698,309.8151,-3.4087706,364.81696,316.6297,40.179436,366.26053,314.2117,40.118576,367.81308,311.8828,40.14736,382.12634,289.53882,-87.05824,383.58435,292.74796,113.71276,395.95886,328.63168,2.8615344,397.07553,330.33746,60.768795,478.25708,310.56522,-186.19559,501.09796,309.97104,235.65553,509.01385,467.504,-218.41354,517.1197,447.29337,294.7447,484.92957,601.62787,-186.1921,495.86884,569.5555,233.06982,460.23285,614.7135,-226.93495,470.9845,575.2266,242.3703,452.93777,603.7143,-190.74028,465.89825,577.9931,198.68655,461.88016,597.4102,-173.72546,473.8199,579.97626,210.09418,714.3792,402.03116,-134.62767,720.5396,399.30527,134.50763,925.6351,484.23648,-114.99406,912.6081,480.53006,128.62859,1128.0911,540.8405,-103.797104,1108.7319,527.2389,211.06718,1165.5319,531.49524,-107.98929,1146.4995,520.99915,214.96935,1139.934,605.15955,-217.26202,1119.907,589.2032,136.53888
image_038.jpg,385.01755,338.95648,34.57999,372.76004,323.502,3.7920952,373.40256,320.78632,3.8271823,374.04224,317.78976,3.740249,372.64026,323.53427,45.521248,373.43567,320.65027,45.45389,374.36093,317.83652,45.46366,389.39172,296.3355,-85.107605,387.4329,296.70166,107.45061,405.82947,332.81525,7.9444427,405.8104,333.55112,63.605705,487.3037,311.18018,-183.62363,503.11133,301.14752,223.5978,509.56842,469.0304,-217.35092,513.088,434.12265,290.65436,475.82007,599.7258,-179.14682,491.08136,549.86444,224.93639,450.58014,614.0119,-217.4655,466.10596,554.71027,229.58356,442.5746,603.3899,-183.01164,462.27057,557.7568,189.1164,451.92215,596.34247,-166.56517,470.80856,560.299,202.80168,723.3713,406.22897,-127.29367,727.8485,400.0069,127.183846,928.6023,491.01736,-98.093414,918.2159,481.40442,128.12453,1129.7136,552.60486,-75.99296,1113.3937,531.05914,208.6648,1165.9761,544.2136,-78.53337,1150.1067,525.3711,212.16982,1144.0535,616.81006,-182.55563,1128.534,588.6701,133.46587
image_039.jpg,388.0939,306.20688,-39.478355,378.05377,288.69473,-73.69731,379.26892,286.19986,-73.6592,380.459,283.42075,-73.7309,377.4838,288.11908,-27.630747,378.56848,285.02158,-27.67108,379.76,282.0836,-27.554062,400.3879,263.5799,-159.11218,396.9052,262.26355,50.318024,411.41666,302.76245,-64.6096,410.88538,303.10278,-3.9262986,500.82312,286.17493,-260.49387,518.52936,279.60934,196.43466,504.81628,448.12726,-303.74225,519.31757,427.63995,238.52902,476.79123,596.51794,-297.39383,491.37567,563.29126,151.8761,451.15845,610.78,-356.0269,461.75574,568.8898,161.25247,443.7021,600.3799,-314.93878,458.76773,572.666,105.50893,452.48267,593.88947,-285.00043,468.58566,574.4122,124.38068,747.80426,367.2986,-147.8308,745.3612,365.47736,147.78477,950.7901,470.35257,-134.86707,923.9716,465.34546,144.81349,1155.8386,547.07983,-120.17787,1121.1301,535.0565,218.59969,1197.4993,543.5984,-128.73466,1163.2811,536.53796,221.31451,1142.8396,617.5316,-263.68106,1105.6526,605.6483,131.85905
image_040.jpg,370.51715,341.22748,19.8475,358.86255,324.76093,-12.0373,359.62402,321.92838,-12.035496,360.3804,318.8128,-12.114922,358.93024,325.34985,31.241058,360.02185,322.74756,31.158459,361.23837,320.2075,31.123089,377.76245,297.53598,-104.03896,376.44223,299.93835,95.53178,392.30988,335.37082,-7.9242907,392.47583,336.97012,49.72607,481.32812,314.4411,-199.7041,495.23038,307.87167,213.55331,513.6831,471.98532,-218.21593,513.51306,444.22858,279.84555,480.75037,606.6658,-175.33582,493.45584,567.1906,221.76672,455.4972,622.3734,-217.01236,468.5826,573.54944,228.22409,445.77295,610.33203,-181.60362,464.3246,576.6392,184.10255,455.0597,602.74817,-162.90971,472.88547,578.30334,198.43782,718.2602,407.05103,-131.42393,720.18243,400.99686,131.34695,929.5919,489.91156,-103.75423,911.7132,481.37875,130.19408,1133.9259,545.7112,-79.25207,1108.1157,528.1012,218.80585,1171.7834,535.9599,-81.91212,1146.7286,521.2762,223.2852,1144.857,609.14514,-188.81787,1117.8005,589.0368,146.3951
image_041.jpg,364.5987,360.0963,-3.552722,351.944,343.82407,-39.11486,352.66528,340.73276,-39.094147,353.36887,337.3749,-39.128002,351.70682,344.16406,7.076528,352.50745,341.25354,6.997637,353.40692,338.43604,6.948917,370.0085,313.0874,-137.01117,367.2835,314.92065,73.98065,386.91147,351.90073,-34.18557,386.77167,353.0824,27.110802,480.33447,319.67432,-232.21504,483.45853,322.28214,189.30911,528.03845,474.2727,-258.6887,520.9147,448.54462,266.06448,489.47076,605.00574,-239.1958,498.84668,561.3767,218.69765,463.7085,621.37756,-285.53836,474.0664,567.0562,223.49875,451.2122,608.71246,-255.2115,467.71545,570.34906,183.13065,459.72977,601.0074,-229.303,475.85568,570.95526,196.75461,713.5467,407.76715,-132.25085,708.1715,409.57983,132.47618,921.33875,493.68387,-113.93457,899.2664,484.39618,120.439026,1125.1857,553.01526,-98.1185,1100.7167,526.4406,191.15417,1162.8606,545.471,-103.11637,1140.6127,520.62646,193.03085,1135.9285,621.56146,-218.87184,1110.0941,585.17065,106.18524
image_042.jpg,385.75345,309.3938,-54.4422,375.32013,292.5618,-87.75036,376.45874,290.03348,-87.68663,377.5632,287.2343,-87.77615,374.79904,292.01505,-42.18982,375.88455,288.90384,-42.194763,377.09317,286.0048,-42.003723,396.9876,267.30954,-170.50204,394.05685,266.5217,36.746227,409.27557,305.75574,-78.64324,409.04724,306.0509,-18.767181,498.37997,287.0605,-273.13068,515.47144,284.30762,186.59853,496.0935,447.45886,-324.14844,513.6885,433.5445,227.64792,472.28745,598.41547,-333.39856,493.7419,570.17114,135.9955,445.79208,611.26807,-395.32516,464.7725,573.9555,144.37962,439.2776,601.89996,-353.6627,463.53033,577.58746,85.138435,448.0818,597.3306,-321.0422,473.5702,579.13513,107.69054,751.63153,363.9989,-151.50961,746.8609,364.31592,151.34233,952.4916,471.46274,-133.77687,918.39606,458.8154,175.45468,1154.2305,545.7797,-117.17693,1103.8978,523.34406,268.23422,1196.0021,542.65186,-126.27526,1144.9434,525.25275,273.54672,1135.458,617.4875,-265.9741,1082.2725,596.08185,187.9104
image_043.jpg,373.33514,339.81998,26.91885,362.22897,323.05585,-4.8090467,362.8789,320.07483,-4.774238,363.51636,316.81235,-4.8146358,362.73383,324.0407,40.218998,363.96542,321.66772,40.12289,365.31317,319.3601,40.073616,380.75848,295.26706,-96.50368,380.6439,299.29428,110.6895,394.50992,333.8541,-1.0565664,395.1405,335.81372,58.84369,481.0752,309.38834,-195.15527,494.24225,311.64243,224.24834,513.92993,465.87717,-225.72888,515.71814,446.9272,290.28162,478.09235,601.2437,-190.20758,493.04474,567.0371,235.45508,454.95245,618.53687,-231.83667,469.08777,575.8325,244.1011,444.595,609.3068,-197.67996,464.07516,578.1024,201.37228,453.3191,601.15265,-178.40878,472.46582,578.57025,212.76079,717.9394,406.31256,-133.7048,717.8936,405.38116,133.6265,927.48035,488.5896,-106.490005,909.9975,485.40735,129.42174,1129.8464,545.40894,-82.9287,1104.4738,531.03326,216.56003,1166.7368,535.3104,-85.56065,1142.2223,522.72546,220.70891,1145.0408,611.5539,-192.50366,1118.682,594.8325,143.19879
image_044.jpg,378.72076,337.07434,45.550537,367.7385,321.44656,13.921314,368.37863,318.71072,13.916816,369.00214,315.69138,13.845861,368.11963,321.98233,58.176826,369.39325,319.3298,58.098686,370.79095,316.7426,58.092308,385.30606,294.62567,-81.51902,385.0551,296.79227,121.82624,398.9431,331.3956,16.20673,399.77493,332.42123,75.0119,483.8582,309.5309,-181.16396,498.40198,305.51392,232.69926,514.3062,467.45422,-202.62526,513.328,442.85004,298.76135,477.4768,598.7993,-170.57024,493.23248,564.8477,247.03668,449.71985,612.2997,-211.35776,467.7276,569.6175,255.95177,440.70374,600.0592,-174.66843,463.2359,572.9171,211.27907,450.18713,593.6737,-157.35374,471.69135,575.2772,224.04434,720.48706,403.53735,-131.64018,722.6339,399.126,131.64781,931.4056,488.4679,-103.421814,914.84924,479.3716,127.69741,1133.5355,546.0217,-82.864494,1110.4296,530.5362,210.80946,1170.5542,536.4596,-86.129486,1148.6659,525.3076,214.09349,1143.4106,608.3565,-195.20338,1119.6423,587.4302,132.08296
image_045.jpg,384.7122,312.7506,-28.689117,374.89914,295.291,-63.495712,375.89798,292.72986,-63.42615,376.85745,289.88937,-63.496166,375.10953,294.70892,-16.71379,376.49896,291.5859,-16.748844,378.01373,288.6632,-16.598114,396.90527,269.46674,-150.91928,395.9827,268.59955,61.600548,407.85004,309.12646,-54.480408,408.34415,309.33997,6.9601765,498.12097,286.56073,-253.25941,517.1674,290.32907,203.12639,495.56244,447.7047,-303.86804,517.0234,438.16772,245.36859,470.07358,599.47284,-309.1899,494.67633,573.28796,160.91483,445.2235,614.9804,-367.54993,467.2864,579.826,171.20474,438.6711,605.6866,-327.70587,464.9502,582.70276,115.55091,446.96423,599.6467,-297.51138,474.16748,583.33813,133.95293,752.17554,363.49716,-149.25209,747.9261,367.02545,149.12982,951.73193,469.4652,-131.75706,922.3935,462.07776,159.43869,1152.7435,544.662,-115.11659,1110.628,527.8954,239.50456,1193.5674,540.93085,-123.896935,1151.1221,528.9459,243.36081,1138.7023,617.49506,-257.35632,1094.572,601.2722,159.2959
image_046.jpg,373.00204,343.52505,-12.370286,359.95905,327.69495,-47.625122,360.41415,324.8691,-47.63431,360.86884,321.75635,-47.70247,360.57562,328.02695,-4.2582107,361.7834,325.29874,-4.341409,363.0994,322.66235,-4.350924,376.80103,299.53995,-143.23566,377.26743,301.19623,56.571663,394.32083,336.99835,-40.68069,395.4498,338.09097,17.22419,481.49316,311.92432,-231.38892,495.80774,308.17523,182.26797,518.73413,472.23694,-244.61302,519.7829,447.46082,252.02959,488.18723,612.4354,-204.76602,495.14188,576.0576,204.90828,463.70926,629.1822,-248.99991,468.99384,583.25885,211.06906,453.69705,617.44836,-215.32947,463.63586,586.70355,166.01884,462.56158,609.67126,-193.47229,472.93604,587.5116,181.43584,723.3956,405.84543,-132.52287,723.6359,401.53802,132.42773,931.3483,490.55295,-94.864456,912.43414,478.33246,146.30171,1132.7988,545.7079,-60.91341,1104.7383,525.1036,240.93597,1172.0648,536.8057,-63.491615,1144.6915,519.7534,246.57478,1136.7909,608.8997,-172.6445,1106.336,585.607,171.0559
image_047.jpg,882.093,388.0429,40.2106,898.4651,377.16537,46.31701,898.0683,374.38535,46.460358,897.8028,371.7333,46.448036,899.3976,378.80957,6.810563,900.1665,376.47693,6.758605,900.8778,374.2412,6.487256,891.94574,352.12067,95.756676,895.675,355.44308,-75.53854,865.6473,379.8548,66.76405,867.4738,379.96832,16.915867,789.09576,325.11084,229.53079,823.0181,360.39603,-181.46394,755.14496,440.89908,286.9885,801.93506,477.751,-256.0114,748.60565,541.29803,205.53519,806.8444,596.5314,-230.92725,767.4781,545.2153,217.71828,830.27844,606.12,-269.38196,771.2488,553.51526,162.17146,832.2396,598.54,-230.7135,763.6957,556.3138,181.0948,821.43787,595.4206,-214.79637,568.55774,371.69482,124.68357,572.515,391.3321,-124.301674,406.70224,459.7011,150.15904,402.33246,470.66254,-90.08043,240.51425,491.22723,239.12657,215.70377,487.65173,-36.484188,208.12653,483.581,243.17839,178.4892,475.41974,-44.17798,240.62347,553.59204,180.20715,225.83458,564.7524,-145.05876
image_048.jpg,919.02625,346.21307,18.213917,936.01447,336.3659,28.3817,936.1908,334.06897,28.570261,936.4446,331.90036,28.499525,935.1981,336.4251,-13.837748,935.3668,333.72632,-13.805772,935.4392,331.1164,-13.967449,931.0846,313.57132,86.755295,929.87396,312.58585,-100.873474,903.1381,339.1964,47.883446,902.8295,338.3741,-6.718321,832.4543,283.78403,229.45299,858.21014,319.37793,-201.44624,817.802,393.3976,304.6303,852.9725,440.06137,-271.69766,813.1245,479.11926,221.69435,866.19556,546.4051,-219.38432,833.24286,481.29892,237.38924,893.9832,556.7164,-254.50394,834.285,486.14587,182.59409,895.1889,544.6179,-210.39105,825.1183,490.32077,199.3408,882.0875,541.4263,-198.9813,603.0216,310.33127,132.92462,609.1262,331.28177,-132.65251,460.9945,392.87814,216.55312,462.83795,417.33554,-86.74224,317.8045,431.97968,334.95163,296.51697,443.50067,-11.497595,283.88214,426.88626,342.80878,260.09476,432.66187,-15.55326,324.1546,495.7171,293.47714,303.6017,513.5692,-99.45942
image_049.jpg,947.17053,321.7536,1.7708194,963.0118,311.14212,12.740885,962.8789,309.30972,12.915867,962.8848,307.58902,12.834149,962.5558,310.87625,-29.560673,962.41833,308.16815,-29.550695,962.2037,305.55154,-29.722073,955.0253,292.63205,80.43628,953.96704,290.44855,-105.01819,929.7659,318.92398,34.960037,929.6074,316.80475,-18.717613,845.88715,285.07986,239.64157,872.6289,295.26465,-233.06496,799.94775,381.94437,322.2023,841.8624,416.7166,-308.87006,799.98444,472.5254,207.12247,857.3949,528.3465,-281.40353,813.37756,479.19214,210.24796,873.891,541.5142,-323.2975,819.68176,488.34036,150.71828,879.20386,535.1251,-297.1811,812.7811,489.5337,179.32503,870.07324,530.44006,-269.61108,625.9393,340.20703,147.30334,628.90125,348.06683,-146.75912,471.1175,400.2757,204.72528,448.90344,404.29425,-125.378525,315.55292,426.35532,339.38144,265.7971,424.67654,-77.47932,285.34467,419.143,347.92343,231.11462,412.58047,-85.40587,306.2207,483.83145,287.44144,262.6756,500.11478,-207.53088
image_050.jpg,988.7926,324.20633,15.160028,1002.79834,310.93008,23.098549,1002.1157,308.8758,23.271753,1001.5744,306.95044,23.201982,1002.796,311.00522,-15.97618,1002.4634,308.03592,-15.965815,1002.06714,305.16245,-16.071365,988.853,290.28775,86.196655,989.1854,288.3409,-80.97453,968.34503,321.25714,46.82592,968.60156,319.11517,-1.6478999,868.814,281.19693,221.17172,902.5482,309.57162,-181.4429,817.706,394.81375,283.41013,870.65375,441.815,-243.15485,821.1215,494.82996,208.28963,892.5703,558.8299,-231.33673,838.78076,500.2671,213.59937,915.86536,570.9925,-271.28595,845.38446,509.18268,162.44626,920.4019,562.18634,-242.63574,837.45026,510.98962,185.73468,908.1581,558.1074,-220.24086,626.55676,345.62732,123.43651,633.6118,361.54813,-122.914696,447.19476,426.31442,141.96715,431.02728,423.43552,-82.98435,264.49246,451.2285,236.58044,227.87766,444.00726,-36.922546,229.80328,440.2475,240.92596,186.1441,433.6495,-46.08797,256.25177,511.61948,173.5482,236.25714,517.0769,-162.31012
image_051.jpg,398.86493,282.50467,-99.01695,393.7274,270.24332,-132.95665,395.72797,269.8348,-132.8248,397.60876,269.30823,-132.76636,391.57468,266.00677,-98.1483,391.8895,262.78983,-98.239426,392.39578,259.68042,-98.36727,415.00137,260.4042,-198.22311,407.41925,245.87122,-38.879208,418.60986,285.4534,-113.46182,415.90607,281.33264,-67.48668,500.8507,308.60992,-252.11636,497.93933,229.54767,120.352135,486.37573,437.59763,-274.33936,468.5047,266.70456,190.46869,475.3805,547.6399,-253.25362,454.2591,303.15292,148.86761,451.53192,565.0638,-302.45844,430.51578,289.67966,144.7753,447.45056,547.52423,-278.9406,430.93094,298.2265,120.03029,457.8055,538.8175,-245.77188,440.13013,309.32684,136.97311,732.2091,309.8643,-131.95642,721.1272,273.49182,131.83151,898.8976,374.95578,-109.84023,862.40576,340.49933,212.26753,1069.0326,406.91953,-92.83215,1016.5801,379.0429,333.39862,1105.7037,397.07315,-98.90558,1052.8578,376.47632,342.83066,1050.6276,475.41064,-194.90471,1000.0288,450.20917,298.71088
image_052.jpg,389.35135,282.04077,-123.32017,383.36255,268.2786,-156.82622,385.17276,266.40375,-156.75401,386.86377,264.3673,-156.80164,381.50876,266.77844,-115.9797,381.98575,264.30478,-115.98716,382.66934,261.97928,-116.01548,405.0084,249.59163,-222.64435,398.5005,245.95346,-38.042427,410.35443,280.6022,-139.14595,408.4647,280.0338,-85.74158,494.19257,277.72733,-293.8834,494.38623,236.93294,135.67899,474.927,412.44357,-331.59875,469.76874,332.75827,180.68683,465.83572,540.7132,-330.76358,456.15778,414.46643,97.02289,440.375,555.73596,-395.57834,427.75873,408.82248,94.01047,436.3173,543.91095,-359.5952,428.9228,416.80838,46.883392,447.26648,538.05457,-320.1344,441.0653,423.56342,74.45786,722.14197,283.86203,-139.9812,712.5493,267.25623,139.86584,890.1807,361.87003,-85.56987,860.01465,342.92133,183.92389,1055.0364,393.76733,-27.017775,1013.717,380.84625,297.5992,1090.6129,382.9193,-29.738655,1048.688,375.34348,306.00388,1038.7087,463.66168,-146.13231,1003.13544,455.1773,237.20743
image_053.jpg,379.50287,271.00653,-101.82526,374.40338,258.4198,-137.08864,376.3069,257.7373,-137.00084,378.1057,256.88132,-137.1066,372.70813,254.55646,-96.89361,373.3165,251.35452,-96.87425,374.13867,248.23734,-96.82985,395.5362,246.17949,-209.83139,389.87762,233.52931,-25.407133,399.33414,273.47223,-119.386246,397.4492,269.4927,-66.10823,485.61798,284.5502,-274.24588,480.5982,221.27522,142.90826,469.16702,415.07962,-300.99597,427.38464,253.65288,201.88327,461.52905,534.3853,-283.4042,396.46823,284.67767,113.64727,438.22678,551.63086,-341.97586,368.6075,266.06934,101.70754,433.6998,535.1369,-313.3885,367.67877,275.80453,70.096954,442.6446,528.00964,-274.39374,377.81592,288.4518,95.95016,714.34686,291.67093,-143.57938,704.9852,263.75604,143.59213,883.3545,361.78372,-121.62488,847.88947,334.92346,218.2379,1051.5032,396.22876,-89.07942,999.7971,375.63565,338.71414,1087.4641,387.91718,-94.4193,1035.0808,373.33795,348.05023,1033.1776,463.79266,-205.75943,983.75415,444.4781,288.71216
image_054.jpg,380.5212,263.99533,-83.03111,379.25037,251.67665,-117.79468,381.69672,251.69254,-117.56705,384.03613,251.52922,-117.61921,376.79663,246.77353,-80.97324,377.27258,243.42705,-81.003075,377.9818,240.1695,-81.078476,402.81555,243.77036,-191.14688,394.30518,227.76471,-21.861782,399.4001,269.2771,-101.16721,396.59732,264.04913,-52.30607,486.7126,285.90417,-253.85841,478.95026,220.70688,123.44737,461.62888,415.2033,-277.6441,413.8355,229.58315,164.17084,448.30237,539.38385,-272.54907,368.25574,246.86728,87.30442,431.12808,559.97266,-328.36133,341.11493,226.93391,73.8227,425.6405,546.62585,-303.8626,339.59366,236.90265,47.74357,432.84088,537.6851,-265.8608,349.862,249.4021,71.68141,717.28064,294.0044,-132.53564,706.4487,267.1476,132.51335,886.8786,358.63663,-90.57478,847.411,336.21375,186.80865,1051.6646,385.506,-33.57833,994.3942,378.94632,291.11325,1085.4949,375.8573,-35.525047,1028.272,375.8616,299.01898,1038.1715,449.22723,-133.97751,979.75397,449.80612,246.00635
image_055.jpg,380.57788,278.43475,-71.8312,374.2244,263.8962,-106.869804,375.99103,262.38452,-106.76185,377.64774,260.67926,-106.76735,372.4179,261.62112,-67.88333,372.75742,258.8807,-67.94893,373.30142,256.25732,-68.0562,394.50128,247.24535,-177.11261,387.7092,240.56737,-0.3519823,400.3791,278.71173,-87.70958,398.22974,277.0523,-36.772034,477.59808,279.5395,-243.68991,487.26172,236.55518,164.99063,464.3542,416.79675,-262.36862,471.27686,314.47678,211.01472,459.85687,541.8779,-223.91936,451.58972,380.68475,122.016106,438.5162,559.59546,-276.8557,425.0461,373.08344,119.32402,434.604,547.67694,-243.18533,423.40216,382.3625,80.748604,444.58405,540.2214,-212.67226,434.44098,389.59836,103.11575,711.68774,296.888,-134.6096,707.463,277.61856,134.42749,882.6283,364.8622,-71.209656,856.583,345.2728,175.741,1052.2804,395.95844,-9.797986,1007.8756,386.78217,286.47934,1087.9082,384.31265,-12.143296,1043.0562,382.63223,294.5705,1040.3613,463.15094,-117.20664,995.4798,456.47403,236.78275
image_056.jpg,383.82877,278.77142,-86.57031,379.60696,264.6009,-118.23674,381.73938,263.07172,-118.01766,383.78876,261.3585,-117.99901,376.9809,262.83313,-80.78076,377.03192,260.29883,-80.82181,377.2911,257.87213,-80.908775,401.5896,247.53844,-181.17232,392.05582,241.41982,-10.437801,403.97748,278.1879,-100.79941,401.05655,277.07632,-51.337982,485.9949,280.69705,-235.18286,483.37305,227.10213,138.71178,466.563,413.6256,-250.29222,444.34595,250.94829,185.76326,450.62573,539.5867,-220.43878,406.38364,287.61258,99.493904,435.2812,559.9883,-270.74774,382.18152,275.56064,86.37909,428.6127,549.9016,-246.46005,379.6968,285.09988,59.56825,436.11847,540.6123,-212.82378,389.7976,293.81094,84.10432,712.3716,306.63297,-126.42439,702.0742,285.99792,126.29428,882.28406,362.50912,-76.2829,850.4214,345.56494,157.59726,1051.858,390.29868,-12.803836,1001.9418,383.3947,257.81235,1086.1692,378.71957,-14.3559475,1036.4736,378.7882,264.54166,1045.5717,455.48355,-111.60898,991.2462,451.69498,210.58403
image_057.jpg,404.85986,312.764,-32.3525,391.77606,302.74872,-74.21715,392.52866,300.78076,-74.14507,393.22388,298.6267,-74.18069,389.64587,299.95715,-31.92644,389.02502,296.40842,-31.970663,388.61847,292.96497,-32.03583,401.70465,278.97678,-173.27951,394.52844,270.61554,18.232267,422.00488,305.70944,-58.668045,419.9217,303.14038,-3.1676555,481.6961,286.2872,-244.0374,488.54263,232.1252,162.328,473.45178,417.98065,-273.86084,493.9508,285.0716,258.1741,467.9538,539.3696,-229.06615,490.88504,338.382,229.93944,442.25482,556.52814,-272.1142,465.16846,326.76508,235.52065,439.54657,543.7015,-239.88828,463.36908,337.88528,204.09792,449.70123,536.92535,-216.85838,472.99377,345.91196,216.14893,715.72577,303.80533,-132.41275,709.7571,279.98465,131.97421,886.16956,370.7792,-73.07146,853.5735,348.56912,194.1053,1050.714,398.1077,-28.14619,1000.51624,387.56293,312.16327,1085.8403,386.48495,-30.557928,1035.6495,383.35263,320.94894,1039.0447,462.81348,-127.14908,990.1059,455.73853,268.08322
image_058.jpg,948.7915,446.68497,-48.026024,959.34155,434.21124,-32.705235,958.49066,432.41113,-32.536816,957.7237,430.71182,-32.53389,958.3597,433.63925,-77.52881,957.3616,430.8956,-77.51492,956.33356,428.27115,-77.60738,944.4134,418.3164,53.74811,943.73035,415.73514,-146.7098,931.5713,447.23474,-8.841952,930.99927,445.42126,-67.18611,834.7611,420.56512,250.10327,866.0877,442.54535,-253.67029,810.21423,532.6949,280.76672,843.8525,563.56885,-281.81946,809.93097,621.5286,143.02222,848.82227,686.3459,-266.06012,837.38354,612.0344,154.65276,879.84924,693.8694,-325.52365,841.8616,625.97845,88.107635,881.55975,682.9317,-276.38736,833.2079,634.34937,111.326,869.55225,681.73773,-247.39378,641.97327,461.51398,150.7174,652.9402,475.7769,-150.28244,496.11542,535.12726,210.92032,495.76114,545.838,-92.2916,352.64124,590.52405,323.1828,332.57736,602.41376,12.348846,318.2523,595.597,329.22852,296.58527,607.1881,5.1966496,372.16254,653.0319,247.18085,354.76352,667.1307,-129.75642
image_059.jpg,937.4861,445.29248,20.858763,949.9114,433.4121,32.951187,949.47626,430.68848,33.10392,949.1224,428.06104,33.085117,948.8751,434.7469,-10.391108,948.4067,432.56332,-10.393732,947.8961,430.4897,-10.494765,939.55334,414.69183,94.62541,939.121,417.82477,-98.587944,922.09784,443.28918,50.75636,921.7897,443.90912,-5.656234,831.6931,413.93292,268.83502,866.7633,440.92624,-208.03046,806.77454,533.8301,306.1527,850.16626,561.04584,-234.79385,804.3103,621.28033,183.98497,849.0317,683.76624,-207.844,833.1791,609.8829,198.21683,882.08075,690.6331,-258.83475,837.7648,624.9169,134.82874,882.3267,679.6354,-206.90744,829.16675,634.13824,154.70262,870.0991,679.57184,-187.44235,637.9444,454.30582,142.76176,650.7815,470.14288,-142.33128,490.44388,532.5093,207.16806,492.50104,546.9345,-81.50545,349.25967,590.5759,327.31107,329.9856,606.9756,30.238255,315.37634,596.0547,333.8003,293.74042,612.2762,23.432484,369.84195,651.65405,248.19872,354.18564,671.60443,-110.393936
image_060.jpg,928.8099,407.62476,-7.457421,941.10767,395.01758,4.518486,940.3362,392.47253,4.701777,939.6652,390.02747,4.7414885,940.00916,395.80844,-40.10519,939.20197,393.22327,-40.08809,938.3462,390.7572,-40.20647,926.6747,376.25815,74.07473,925.8832,376.9594,-124.258965,910.6607,406.16595,25.588726,910.255,405.5917,-32.207066,807.90894,375.7526,255.0802,842.0709,404.9386,-232.91656,783.6278,500.69174,284.49066,822.3225,530.95966,-259.27438,779.0522,593.8568,163.9174,822.5354,661.7809,-235.60515,809.3542,579.7162,178.94157,857.3188,666.67993,-291.2894,813.6767,595.26013,112.48695,857.8516,655.05817,-239.18506,804.334,606.22986,133.15736,845.05853,655.6985,-215.72015,604.51434,421.14612,146.42847,616.54944,439.3445,-145.86914,446.6231,503.35275,210.142,448.99597,519.6933,-89.440544,300.1854,560.58734,334.1193,279.8307,578.46375,17.28706,265.27463,566.29443,340.11356,241.349,585.6743,6.89083,321.51147,622.97253,250.15567,310.51508,645.559,-141.19594
image_061.jpg,922.86615,395.36172,34.241417,937.0706,383.64996,47.28485,936.7093,381.07602,47.401527,936.4375,378.59802,47.337414,936.1531,384.316,3.237205,935.83624,381.69946,3.2250113,935.47656,379.2026,3.0546103,926.41284,364.18674,106.91489,926.4395,364.83948,-88.53242,905.8564,393.03577,63.643948,905.68286,392.409,6.6205072,808.28253,359.65295,273.32837,849.8642,390.4965,-203.67537,784.3042,491.07437,311.6013,834.0683,526.8753,-224.96112,791.24634,587.9568,207.45068,835.2704,659.15454,-180.28143,820.65247,578.17255,226.65018,866.8097,668.6377,-228.24689,826.62305,594.9541,164.3416,867.67786,658.6665,-177.22319,818.07874,603.6444,179.72205,855.4383,657.836,-159.61174,592.3299,410.24036,139.8554,605.89246,426.29797,-139.43362,436.6188,500.0641,209.35284,437.5605,510.67834,-57.22742,284.94733,561.9202,347.0654,267.21347,578.56415,74.73206,250.72044,566.6435,354.65088,230.14264,583.46893,70.5445,300.15213,620.69946,264.63992,288.40143,645.11865,-62.08718
image_062.jpg,947.55566,386.4106,33.708984,961.4011,373.16522,49.353256,960.6363,370.5942,49.475945,959.95886,368.1269,49.423363,960.96796,373.29782,-0.20725219,960.62085,370.30792,-0.22932094,960.2341,367.44574,-0.38945827,947.2952,351.6187,120.71524,948.88135,351.10574,-101.32867,928.12146,383.87982,67.94704,928.5127,382.67645,3.1975439,821.68677,345.99356,297.65598,863.1027,376.52927,-226.015,793.78534,481.42383,336.81036,844.62476,524.56323,-250.01747,804.62634,585.23944,206.7624,849.5826,664.7306,-207.34816,837.89026,575.77795,222.58047,884.6682,676.54626,-261.90167,843.98315,593.8147,153.50276,886.8237,664.0416,-206.23079,833.6898,602.7979,175.41083,873.1713,661.7986,-184.80087,589.0398,399.12064,153.37817,600.34424,417.34744,-152.87477,420.02548,486.89993,228.53958,417.71143,505.76553,-73.08736,256.86505,548.7099,367.4168,234.2569,575.5762,57.790405,219.95639,553.10864,375.48608,194.22696,579.18036,52.534904,271.10193,612.07196,281.0232,255.8215,650.1684,-89.991844
image_063.jpg,971.0746,449.47443,-62.705353,981.93225,437.01837,-47.594814,981.2216,435.50726,-47.420845,980.62195,434.1091,-47.404472,980.7425,435.97195,-88.76344,979.6633,433.13586,-88.75495,978.56287,430.41168,-88.850525,968.0383,422.41504,42.74064,965.8786,417.80478,-140.77289,954.6772,450.41336,-22.271059,953.5461,447.82626,-75.559494,864.1057,428.207,232.12495,891.1052,445.99298,-239.80644,839.07434,542.0273,256.6994,866.5724,561.051,-272.31473,835.44916,632.8737,115.32677,865.45844,678.7435,-263.70364,860.26855,625.8759,123.79213,891.28357,685.56366,-320.96777,864.87256,638.16034,58.623127,893.14856,676.29553,-279.2754,856.4606,644.9766,83.60791,882.8115,675.00543,-248.37364,679.0649,476.49387,140.18195,686.6464,488.94516,-139.67024,533.3512,546.0917,187.88828,525.4331,555.5196,-97.86381,389.0869,588.0588,296.29333,365.67633,599.03564,-13.477325,357.68005,589.922,301.20267,333.15588,601.3813,-22.79369,399.8196,646.09564,210.03584,383.24295,662.97174,-168.93716
image_064.jpg,326.75543,365.5352,-39.006718,317.80518,347.08908,-76.25151,319.74414,345.23312,-76.382,321.5899,343.11868,-76.70646,316.33875,345.7111,-33.587524,317.07245,342.8507,-33.52793,318.05994,340.04077,-33.274265,341.62158,328.71494,-145.45972,335.74738,324.91318,49.915386,350.41165,367.48282,-53.868073,348.053,366.5622,2.7736256,452.14633,369.25485,-232.14786,479.37866,323.0745,242.99605,475.61407,540.9042,-258.15808,508.7348,462.989,299.97025,479.84787,694.12134,-202.88185,492.41888,579.24036,183.81798,445.5557,715.9452,-258.0395,455.80295,576.8991,190.84552,441.50058,698.89825,-207.36206,451.5816,587.519,131.37384,455.83398,690.3014,-185.02408,466.94946,593.18555,157.2247,783.7792,371.65762,-149.96057,784.6506,350.08005,150.29756,990.34595,487.93726,-88.5363,980.3047,484.45743,191.17323,1208.8987,575.84155,-4.3993397,1195.2549,576.5934,273.10965,1261.072,572.17865,-4.69926,1248.1631,575.17676,277.35675,1170.8601,657.4507,-116.19118,1171.9475,671.0483,203.83217
image_065.jpg,315.96613,389.8934,-24.091894,302.52777,369.44696,-64.171844,303.38202,366.28256,-64.26268,304.1305,362.83344,-64.49505,302.8957,370.28574,-21.616259,303.92938,367.6806,-21.593418,305.18353,365.14496,-21.455458,320.8849,340.53232,-136.72853,320.45316,344.8744,60.568256,337.34186,385.5274,-38.8815,337.7084,387.28088,18.28093,427.9433,370.91806,-199.19325,462.96838,337.93655,239.3252,457.66187,543.74475,-199.73001,501.04926,487.02533,303.97952,475.98758,709.42474,-144.24335,501.80023,618.8996,248.93289,445.12427,731.18445,-192.72888,467.4145,618.7919,266.9115,439.5664,716.4219,-143.69348,462.6516,631.96484,213.37517,452.16455,707.45746,-127.752365,476.2299,637.36523,225.40097,755.43097,404.75912,-139.08067,757.28357,385.7195,138.99173,972.49646,511.09488,-72.60177,967.5751,495.25375,153.8175,1192.5984,587.731,2.7510557,1186.2269,567.0705,213.05733,1239.8157,578.951,2.762287,1236.8267,559.7747,215.60144,1173.8567,663.24994,-91.83338,1175.1254,660.8395,156.92398
image_066.jpg,322.5331,394.97052,1.4121561,307.91486,375.78113,-39.311733,308.4104,372.38226,-39.367706,308.79822,368.69675,-39.5539,308.61407,376.76038,5.0928745,309.5912,373.98492,5.092892,310.78943,371.28906,5.142915,323.6114,344.20166,-123.03043,324.17365,349.01105,83.38202,343.0398,388.1191,-18.098763,343.84906,389.85568,41.896637,428.08398,365.07568,-194.83487,461.74866,337.33127,252.25533,455.7454,537.96356,-200.1748,498.59314,483.32364,326.40222,471.5113,707.42865,-142.52565,500.15396,613.04156,277.4001,440.77438,730.28357,-188.07634,467.01083,612.7884,297.38614,435.44226,716.0422,-138.64232,461.28235,625.7219,245.24971,447.52203,706.594,-125.36698,474.26636,631.25665,254.65634,749.9187,405.56372,-141.01164,751.3935,389.94757,140.85422,969.6393,511.09338,-76.351425,963.9277,499.60062,154.26698,1193.3649,586.81757,-12.928459,1187.7301,567.9582,206.50311,1240.5004,576.9346,-13.622423,1238.6237,559.1579,207.88678,1179.7506,663.84155,-106.93468,1181.5146,662.74054,147.72946
image_067.jpg,322.72824,389.88315,-20.63435,308.8905,368.84546,-59.51216,309.62115,365.4566,-59.55111,310.2624,361.79636,-59.697853,309.3656,370.36484,-17.163692,310.35037,367.91754,-17.2451,311.52808,365.55725,-17.184263,327.4094,337.64377,-133.439,326.71082,343.72205,62.709064,344.5445,383.65567,-37.0322,345.09033,386.14728,19.835203,435.578,364.75754,-192.04277,466.23386,338.248,227.39981,463.2904,540.72125,-203.28265,504.89868,488.18497,298.54672,464.0448,703.42664,-157.38242,497.76373,625.2559,249.11385,433.50558,726.13275,-204.67743,464.25858,631.51245,265.34073,426.79437,714.3758,-160.13031,458.85007,641.5349,215.81412,439.3122,704.7691,-143.77821,472.78937,644.29956,226.7273,756.0121,414.7979,-130.72562,754.0954,399.95938,130.58054,973.4748,517.4407,-66.71116,971.2259,498.29538,126.123314,1191.3018,594.04407,-2.9192147,1189.3204,565.2279,171.65201,1235.5933,585.1763,-3.596365,1236.792,558.238,172.27068,1182.4426,666.5963,-96.0004,1185.4819,651.7681,111.15775
image_068.jpg,323.4782,398.44434,-4.0202394,308.47354,378.49847,-44.307655,309.05548,374.926,-44.35936,309.5484,371.07452,-44.53282,308.82104,379.82608,-0.94650745,309.6332,377.1911,-1.0012469,310.65945,374.6404,-0.9650469,324.91046,346.02573,-124.18706,324.23343,352.10764,77.436584,344.6214,391.23633,-21.715847,345.05368,393.58298,36.84899,433.42667,369.06372,-187.16415,462.1884,341.96295,246.30072,466.06622,540.82983,-194.96274,505.0409,486.64468,325.12405,472.64398,704.6195,-143.41791,497.48337,615.6261,276.4516,440.61218,727.354,-188.15535,461.55716,616.3082,295.89468,433.84308,713.3562,-140.56744,454.58624,629.66583,246.14243,446.12598,703.9729,-127.44805,468.80328,634.62054,254.35388,754.4735,418.51837,-134.05789,752.619,401.74222,133.89975,973.38135,517.2981,-65.150764,971.10175,500.55,146.6158,1193.996,595.3496,-0.16440468,1192.538,565.3325,193.6487,1238.0105,587.48035,-0.21796978,1239.9692,558.3826,195.02158,1186.7595,666.64,-86.76945,1193.1166,648.90027,137.75485
image_069.jpg,323.0166,402.0713,11.085025,306.87088,381.9513,-29.042175,307.05966,378.1456,-29.08469,307.15417,374.06757,-29.219234,308.14053,383.9073,16.69729,309.2328,381.44794,16.65398,310.5209,379.04916,16.65247,321.51404,348.18323,-117.241776,323.95062,355.82278,94.45929,343.5857,393.57498,-10.620541,344.90118,396.77536,50.89418,425.84454,371.1245,-190.82849,460.5789,342.65213,249.52507,464.82986,543.3084,-195.21498,509.0375,493.6716,331.295,466.28156,704.86566,-135.80954,504.64062,631.22284,294.5951,434.86505,728.2956,-179.89835,471.43805,636.7955,317.69232,427.8924,714.62225,-134.24542,464.1065,650.02124,267.47382,440.26422,704.2059,-120.287125,477.22803,653.6911,272.2947,743.2099,422.75854,-137.52145,744.7195,404.19696,137.3858,966.06555,518.9727,-76.05806,964.43726,502.41818,145.98975,1190.3053,592.7898,-20.315765,1189.7792,564.82623,191.76514,1235.5225,583.6102,-21.594784,1239.0758,555.87286,191.95128,1183.9253,666.03595,-109.35623,1188.1346,654.08887,135.11221
image_070.jpg,330.54596,408.1253,14.468693,313.50983,389.76578,-24.391705,313.84366,386.00433,-24.484884,314.1136,381.96283,-24.678856,313.3239,391.2593,19.056427,313.5614,388.49188,19.026997,313.99683,385.77246,19.06722,326.55078,355.1578,-111.41537,324.408,361.20956,90.89145,351.27383,398.35272,-6.64727,350.99084,400.8358,52.092422,431.4668,370.6497,-182.94247,461.44092,338.64832,246.86827,467.1026,542.1771,-188.96355,512.1293,486.1779,329.7232,466.7129,705.3718,-122.09178,506.73395,619.6848,295.01987,434.09784,729.681,-162.01958,471.58627,623.6824,317.80258,427.21982,716.94714,-115.6646,464.0586,638.0206,271.25455,439.65875,706.12634,-106.026344,477.70868,642.41724,273.86908,752.45636,422.78778,-132.7963,752.4082,403.74112,132.72583,972.4999,520.61084,-58.547653,972.55774,501.12793,148.95387,1194.3059,597.1186,14.128517,1194.246,564.5868,197.52364,1239.3334,587.71643,15.599051,1242.7784,555.4908,198.35863,1189.262,668.2244,-61.79374,1195.9968,649.67,144.13979
image_071.jpg,323.32568,404.648,4.7663097,307.10315,385.18756,-34.419846,307.45914,381.4323,-34.48909,307.7371,377.39777,-34.67308,307.52692,386.9032,9.7117815,308.17712,384.32275,9.6836605,309.02692,381.80057,9.706848,321.51892,351.59552,-116.96304,321.14935,358.2736,87.57764,344.07867,395.98486,-14.505129,344.46008,398.78976,44.92394,427.22733,371.77527,-187.34314,458.7774,341.88452,250.5287,466.09625,545.2154,-190.02199,505.6404,490.74268,330.9839,468.09045,708.14874,-125.1524,497.1673,624.61865,290.86215,436.15784,731.9325,-167.9653,461.86987,628.688,313.5557,428.72766,718.5506,-121.67647,454.10675,642.38617,265.3005,441.11487,708.0008,-109.16702,468.01132,646.8915,269.15613,746.5398,419.12796,-134.71904,747.90125,401.31958,134.62881,967.98975,518.7524,-65.93898,969.96185,500.67593,146.11357,1192.9176,598.87396,-0.032781184,1196.0187,566.1127,190.09789,1238.3687,590.5626,0.06259051,1244.4696,558.5042,190.1224,1186.8876,671.0168,-83.28942,1197.5588,649.1421,132.20073
image_072.jpg,328.16504,405.10803,11.492098,310.54547,386.4069,-24.942122,310.78998,382.49136,-24.968216,310.97977,378.3144,-25.130445,310.6161,388.70642,15.114286,310.88647,386.30927,15.100307,311.3585,383.9481,15.139034,323.0224,353.0795,-99.68359,321.77014,360.95938,89.111755,348.60803,395.8354,-4.363585,348.4441,399.46082,50.487747,425.46057,376.23523,-165.84563,461.16653,336.18582,253.99666,465.81894,543.26807,-172.1656,512.76514,471.2843,345.22495,467.68805,695.13153,-95.32477,502.34003,590.4442,290.42014,436.75928,716.50616,-130.30206,469.26343,592.3608,310.08307,430.70236,703.2272,-87.64235,461.02716,604.8783,265.89215,443.0397,692.89667,-79.709915,473.8485,609.83875,270.09143,742.9159,427.90213,-130.33868,747.23096,402.42538,130.08762,965.5419,521.92365,-67.3187,967.0129,497.54092,150.93599,1193.888,593.48315,-8.589709,1192.3304,560.90234,185.43533,1239.45,584.3377,-9.513665,1241.069,553.4601,185.09941,1188.158,664.17896,-86.852585,1190.1927,644.75226,137.2261
image_073.jpg,911.6427,487.84265,-0.70916665,917.33716,478.75516,8.612711,916.2879,477.18317,8.714655,915.3079,475.73935,8.626532,917.99615,479.23178,-23.183756,917.7927,477.60242,-23.176998,917.5426,476.00476,-23.246653,905.48816,466.65527,68.87162,908.97424,466.43533,-76.399284,899.2544,487.3219,26.145138,900.4453,487.0839,-15.948103,836.17896,465.57004,178.08215,863.3786,483.1778,-150.06778,813.6655,530.47394,225.9516,852.74915,559.21265,-199.73726,821.0526,581.22577,171.99944,859.3975,636.5468,-200.34116,837.57446,579.93036,190.84444,878.2092,644.8079,-236.00899,840.4974,585.9958,153.74106,879.9363,638.1073,-206.1719,834.77545,589.474,156.05235,871.38794,636.9482,-188.71793,706.5254,475.48026,104.49032,716.6147,484.5263,-104.12835,612.85345,532.42957,138.30888,613.9935,536.3598,-90.66804,518.1081,571.10815,203.9805,503.8282,573.0004,-53.612938,494.7143,571.72614,206.34186,478.0808,573.14,-59.215294,528.8403,617.74927,150.84962,515.4111,618.061,-145.74934
image_074.jpg,923.2144,491.11795,-32.498367,930.67676,482.11768,-24.596169,930.2173,481.03894,-24.48058,929.824,480.09268,-24.515926,929.9359,481.01746,-54.803047,929.3379,478.76788,-54.816936,928.70776,476.55304,-54.88881,921.2903,470.29272,42.276886,920.3695,465.8241,-95.338326,911.54517,491.1491,-2.363077,910.9768,489.0996,-42.14331,853.2614,464.92365,158.15248,870.4199,485.75903,-157.20851,828.0761,524.42926,192.34409,855.86646,564.7075,-204.8505,829.19586,575.7673,121.8095,860.12805,638.9186,-204.7749,843.79364,576.6546,134.19241,876.8375,649.8096,-243.63768,846.5388,581.94366,99.431885,879.91766,643.2074,-215.72943,840.774,584.2839,106.18761,871.6842,640.2013,-194.48318,719.13025,483.88016,99.119125,724.00116,496.90704,-98.84754,613.176,533.22577,124.0865,620.0494,544.29083,-87.513565,512.44336,562.5088,183.28308,508.7229,568.3179,-33.5365,486.7615,560.7173,186.79756,480.86005,567.1257,-38.959267,524.6744,615.25037,130.78734,524.44476,615.6434,-126.814224
image_075.jpg,918.9887,496.0063,-15.144602,926.0605,486.68442,-7.3305697,925.25757,485.037,-7.2452354,924.5177,483.53186,-7.296421,926.4503,486.89218,-38.227676,926.3079,485.08676,-38.257107,926.1258,483.312,-38.303665,916.19904,472.5023,49.74849,918.62946,471.78928,-90.46116,906.9244,494.12552,10.285147,907.7882,493.68958,-30.253382,848.97034,473.79364,149.33026,868.46423,482.16272,-155.44356,827.5235,542.39856,179.24869,855.80725,564.35297,-205.514,835.2826,598.54114,101.784904,860.7305,639.79987,-223.60335,853.4988,599.8414,109.575516,878.29926,649.86395,-267.1659,856.88293,605.177,75.94167,881.66516,643.4308,-239.46135,850.5181,606.9009,85.54936,873.9572,641.3922,-213.64487,722.66187,489.1672,94.65538,728.4863,494.3017,-94.39812,614.6416,531.339,106.07543,624.5969,541.1564,-90.612915,513.66907,562.38715,163.23006,517.01013,566.1236,-34.516632,490.31305,561.3806,165.94354,491.92145,564.0523,-39.69436,517.9745,608.8801,99.812004,524.51373,612.1314,-133.37723
image_076.jpg,918.71436,492.84772,-15.306805,925.5744,484.51895,-6.912735,924.8008,483.13974,-6.8430085,924.0934,481.89246,-6.906786,926.0603,484.3177,-37.658676,925.9625,482.48993,-37.68932,925.82367,480.6922,-37.73017,916.0796,472.45956,48.953053,918.6893,470.32504,-91.22652,906.8579,491.86795,9.515859,907.79224,490.9195,-30.866135,852.16223,475.1857,146.16682,870.11646,480.88007,-157.92805,831.82983,544.4546,177.49417,858.2795,562.41174,-209.81627,839.7357,603.9428,93.42548,864.5599,638.24835,-228.91112,857.73224,605.7265,100.422195,882.1369,647.62524,-271.6004,861.64764,611.6201,64.86493,886.1028,642.2003,-243.73901,855.09,613.3302,76.5159,878.3229,640.3167,-218.37831,720.28235,494.99048,96.69156,725.35657,497.56467,-96.41163,615.3941,536.6454,115.54626,623.966,540.2515,-84.83067,516.0131,565.79974,177.21124,518.7421,560.49615,-22.95108,492.69843,563.93036,180.02505,494.31158,556.71704,-27.599136,519.9041,612.4542,113.968185,524.3584,605.48444,-120.520905
image_077.jpg,925.4224,494.68643,-37.155205,931.2812,485.2295,-29.418453,930.3917,483.66785,-29.326443,929.57446,482.24353,-29.365053,931.348,485.2451,-59.676685,930.9381,483.43307,-59.68083,930.47485,481.65143,-59.658096,919.91144,472.66965,29.290018,921.37585,471.25555,-108.73259,912.89154,494.06958,-11.68581,913.42114,493.46008,-51.373367,854.96124,481.62878,135.68341,869.0579,483.1166,-171.69548,846.8973,558.4072,172.74844,865.88434,568.3633,-221.42793,849.1879,622.23035,96.26196,865.0009,646.88727,-241.7203,867.87354,624.4523,100.60139,881.7675,655.24585,-284.0582,868.4303,628.83936,64.130196,884.26514,650.22375,-258.35382,861.4082,630.6592,78.52624,877.0864,649.04614,-232.49986,719.9456,494.43033,98.336044,725.3782,494.14465,-97.966644,615.80896,537.4437,114.294464,621.19556,540.86664,-99.55001,517.33594,566.2669,170.43672,512.5116,568.8736,-57.989334,493.5112,564.8282,171.51047,486.48468,568.29755,-65.61247,522.18445,613.59784,104.50897,520.9841,611.23517,-165.07434
image_078.jpg,917.9182,478.61002,-189.00381,925.56525,470.9436,-177.62132,925.82556,472.521,-177.52817,926.13556,474.22296,-177.54099,922.7217,464.35135,-198.16342,921.14044,460.6864,-198.17099,919.5212,457.09872,-198.19893,917.622,471.7579,-81.92458,909.5282,449.68048,-176.27863,907.23926,486.5701,-149.59087,903.694,478.29944,-176.62247,864.0359,484.7969,66.63474,858.4357,487.43695,-209.69711,850.9842,552.9055,104.379745,852.10504,572.78094,-239.61082,843.2811,608.7646,37.71724,858.76685,646.2475,-257.368,857.3254,613.9141,37.276863,873.58484,656.4578,-303.2021,856.7385,616.2433,4.4782753,879.31244,651.8399,-278.83936,849.7355,617.14215,21.621853,871.6993,647.83374,-249.07884,722.34265,496.7574,89.60846,717.9563,496.35953,-89.355545,618.7478,537.2934,100.9074,622.3103,540.59485,-92.809784,521.12756,564.5126,165.12251,522.7471,566.17065,-40.096275,498.248,562.6921,167.18346,498.38104,563.1322,-43.887707,522.732,611.63586,104.04975,529.75256,608.5784,-135.3541
image_079.jpg,880.00275,487.00198,-67.05838,886.7941,477.44128,-58.54888,886.3559,475.9611,-58.4451,885.9753,474.59607,-58.48079,886.0868,477.28937,-90.07274,885.49036,475.32,-90.06539,884.8445,473.38782,-90.08177,877.446,463.35217,0.03944321,876.3673,461.86932,-142.30531,868.1061,485.49017,-41.081596,867.63184,484.70212,-81.977646,815.0751,461.06915,111.442444,823.2864,473.54507,-210.95676,802.7835,526.2359,145.07579,816.3982,556.51556,-258.51462,807.75964,582.97797,72.98679,822.9745,631.71063,-266.40753,824.448,584.2108,78.36121,838.3037,641.555,-312.23264,826.8019,589.1246,44.414047,842.74115,637.11456,-284.1914,820.5274,591.27716,57.10026,835.4184,634.0268,-255.74252,673.8342,479.8208,97.59163,674.8583,485.23962,-97.34666,578.41,523.13434,143.6372,581.67896,530.96075,-51.203926,486.49316,558.57446,229.70401,480.7762,555.7772,46.38524,462.84186,558.4447,234.66434,455.93408,552.83936,44.040726,494.51343,606.6458,174.45819,487.67432,604.3421,-46.38885
image_080.jpg,879.2573,484.39005,-110.17353,884.7405,474.9845,-99.26135,884.0436,474.19632,-99.12761,883.4171,473.5279,-99.13079,883.8494,473.29214,-128.1825,882.8926,470.99402,-128.17035,881.8897,468.73517,-128.14384,873.0158,465.15488,-22.869171,871.6181,459.02277,-155.76364,867.03796,485.99124,-78.66082,866.29895,483.60092,-116.780106,811.6785,471.15417,101.03302,817.4968,477.34033,-218.29048,802.563,541.6059,120.98645,814.22455,559.7583,-271.49133,802.66003,604.3739,29.406965,822.57385,636.5484,-300.28888,821.2174,606.50745,30.956108,840.44104,645.6315,-352.1661,822.20734,610.01666,-4.9231577,844.6146,639.0887,-324.09656,815.13464,611.919,11.287704,836.72217,636.4788,-290.8955,675.9496,483.18533,100.95526,676.4242,486.24197,-100.60541,579.3729,527.8106,124.578255,578.4657,532.9087,-101.70686,486.38333,558.22034,188.43286,476.3761,555.9726,-38.81927,462.83368,558.0112,190.21332,451.73065,553.90845,-46.24904,494.43304,606.765,118.58113,485.3325,604.12866,-156.25963
image_081.jpg,878.105,485.61462,-109.00029,884.9182,476.56866,-99.26452,884.4426,475.76138,-99.13773,884.0276,475.06677,-99.13731,884.0123,475.1588,-128.22745,883.212,472.9684,-128.22412,882.36584,470.81308,-128.25816,874.939,466.5338,-29.053534,873.38745,461.32922,-160.79619,866.3081,486.85733,-78.99913,865.4933,484.55548,-116.7522,813.0246,470.29218,91.40281,819.4906,479.8752,-220.72157,799.49817,537.1559,119.41391,813.69073,561.7822,-265.17148,800.88983,596.7497,39.789955,823.71094,636.4886,-276.13867,817.2384,598.16003,39.502243,840.70135,646.1729,-324.2829,819.9915,602.55853,5.184703,845.5738,639.99036,-298.4316,813.63635,604.809,22.894787,837.67053,637.1568,-267.24136,673.3169,487.39822,98.098816,672.96356,491.9331,-97.79849,579.1239,527.94135,143.18152,578.303,533.7045,-66.27803,487.5493,554.44214,229.12271,477.5824,554.88226,23.198055,465.26923,553.4484,233.48206,453.7903,551.96124,19.897655,492.44583,597.8169,170.1812,484.04883,600.55865,-78.65126
image_082.jpg,879.30145,483.04254,-57.20995,885.558,474.91763,-50.988544,884.97754,473.54758,-50.85971,884.46844,472.28122,-50.883858,885.2565,475.3271,-79.06769,884.78577,473.90268,-79.04756,884.2688,472.50412,-79.05026,875.8367,463.93195,-1.4858494,876.04126,464.28992,-129.0592,867.8134,482.91443,-34.702755,867.8171,482.62888,-71.32178,817.83386,462.78235,103.17783,825.02936,480.79523,-197.59825,806.8891,528.13525,136.99612,818.7947,562.68555,-245.4883,808.5957,583.4523,69.90876,828.5448,634.28375,-249.4195,821.811,585.5731,73.20897,843.1223,644.7408,-291.2001,824.25195,589.19635,41.854324,847.521,638.6842,-267.0146,819.03375,591.23413,55.2475,840.5848,635.1859,-240.36142,680.2855,485.1826,97.49195,681.1713,493.54367,-97.27994,580.8782,524.4191,131.57454,583.16943,532.997,-70.32347,486.72418,556.8069,200.85342,481.06818,554.1846,1.1883955,464.51096,556.4473,204.05838,457.90497,550.404,-2.0072803,489.9681,599.7866,145.42586,483.79074,599.5366,-87.944115
image_083.jpg,159.19426,182.12834,-166.07314,153.74316,157.75595,-183.45056,157.42291,153.7062,-183.30841,161.03119,149.41965,-183.26308,147.75836,164.3535,-154.026,146.61456,165.07086,-154.15663,145.681,165.86528,-154.27876,182.66782,140.65356,-166.13702,162.11795,156.72568,-27.269703,185.00217,184.73393,-146.66151,176.79153,194.34715,-106.37473,275.86063,235.90474,-201.60144,317.7475,166.34369,197.74786,302.6196,428.21582,-207.69905,364.07935,317.99692,279.0492,287.69104,586.73645,-143.60852,336.59845,443.6947,206.78108,267.47708,611.6372,-186.05093,309.368,449.4148,211.21371,256.14905,598.57745,-154.94807,304.68045,458.04086,170.34534,270.5383,584.2927,-130.69823,318.38065,461.39148,189.83182,630.8328,325.73236,-131.59319,646.1685,280.9576,131.13066,883.9237,428.48624,-70.26635,878.98444,381.51532,162.04704,1142.092,500.9528,-5.467012,1112.7863,457.98654,243.72775,1196.093,490.78864,-8.190447,1167.6122,452.50836,246.73552,1129.1661,573.03046,-108.16037,1089.2267,542.0382,196.821
image_084.jpg,151.00797,201.41695,-144.46991,141.27286,177.90242,-164.12834,144.16542,173.61053,-164.0226,147.00436,169.08403,-164.03876,136.35052,183.4316,-135.15758,135.33958,183.07948,-135.22615,134.53285,182.86438,-135.27322,168.14618,154.74582,-158.22809,150.7323,168.74588,-21.577671,178.61646,199.97997,-130.40912,171.77719,208.45544,-90.78471,275.71375,232.85767,-205.89705,313.3353,173.36081,189.47556,294.04883,423.1991,-228.34213,353.11948,321.82217,255.78589,278.90088,584.26056,-167.00377,328.08813,446.17358,158.59705,252.66864,606.2528,-207.15094,298.4623,449.27734,155.02242,244.68903,592.52985,-178.01314,294.40396,456.68457,115.82953,259.39,580.5264,-155.07115,308.3698,459.91196,140.24477,627.3963,320.62878,-126.105415,638.46533,282.70438,125.65452,870.3706,441.51105,-75.11905,863.86707,385.14603,174.24081,1119.3865,521.9869,-23.632286,1096.3707,454.89905,248.22327,1173.3746,515.2823,-28.615541,1150.1345,451.2998,250.5761,1095.211,601.2928,-139.66185,1071.5374,537.3611,193.81264
image_085.jpg,157.93411,182.65088,-171.60117,152.69028,158.50272,-187.54495,156.41579,154.51123,-187.41107,160.06355,150.29744,-187.36841,146.66039,165.21481,-158.73834,145.48874,166.03296,-158.92924,144.51266,166.93521,-159.15259,182.31102,141.87477,-167.111,161.5054,157.93228,-32.61922,184.33148,184.99445,-151.81561,175.95299,194.93321,-112.743805,279.87097,235.88664,-201.7534,317.4015,168.9031,184.79936,308.50864,433.33362,-208.78079,362.69983,320.40994,264.4042,286.15878,586.91846,-143.61305,331.80206,446.50943,186.67084,265.50812,612.19556,-185.08478,304.94418,454.86813,187.23853,253.7782,598.232,-157.93881,300.8359,462.28888,148.41132,268.33002,583.5762,-132.58826,314.8718,464.49414,170.25131,635.0063,326.30737,-127.44447,649.4296,284.31448,127.02018,885.1614,432.2309,-57.206036,882.1872,385.50507,145.24123,1140.7732,506.11322,13.225515,1116.4426,463.4352,221.05415,1195.0957,496.1286,10.689854,1171.8531,458.6798,222.891,1125.481,578.41376,-93.62781,1088.1904,548.5431,166.9207
image_086.jpg,150.4552,180.53114,-129.99075,148.98267,156.83151,-152.8362,152.80937,153.9646,-152.70895,156.54564,150.84592,-152.67516,143.8573,160.45122,-118.75404,143.57745,160.12447,-118.89195,143.5189,159.86765,-118.98956,180.93826,143.73718,-162.90613,163.13385,152.04231,-3.1010258,175.29442,187.0785,-121.72164,168.42548,192.9452,-75.33345,277.3006,238.92432,-201.21927,314.35214,174.74078,200.76147,304.60007,428.9179,-208.81958,357.0016,323.48788,278.67642,288.16595,588.83405,-143.59473,332.22253,444.38577,206.3407,265.38254,611.57294,-187.45354,303.68372,445.4354,212.58675,254.79256,597.148,-151.85304,299.8277,454.18466,169.56653,268.6065,584.4692,-129.90887,313.17746,459.59088,188.25523,626.7684,324.15942,-131.67456,640.9439,282.7394,131.32747,881.39276,425.24,-77.33305,877.22107,384.8248,156.07497,1138.2173,501.22504,-6.277731,1113.5756,459.5116,241.60315,1189.5269,492.43198,-7.870988,1168.1895,453.22028,246.15599,1127.5659,569.8315,-110.95089,1091.1272,541.83234,190.72159
image_087.jpg,959.6524,327.7813,139.035,972.5061,315.57523,155.51048,971.61304,312.9183,155.51317,970.85645,310.4101,155.37161,974.1448,315.659,107.74455,975.07214,312.72226,107.66534,975.9781,309.8947,107.457535,960.85077,291.74884,212.17262,968.44104,290.2162,0.85192704,940.70953,321.788,166.6518,943.61176,320.89975,104.7528,838.84875,280.33197,332.86633,893.0823,296.3553,-120.98321,770.48004,402.16586,409.78046,845.9978,431.81372,-159.4179,781.5437,504.2582,332.239,844.311,566.2176,-130.78291,807.5043,505.74396,358.34836,868.3234,583.21436,-172.59637,817.5088,525.7571,302.0947,873.3147,575.8943,-127.79704,809.6095,529.23474,309.2777,862.6856,572.56586,-111.82535,607.4271,318.36423,138.62666,618.9941,322.1265,-138.03645,402.19598,414.18344,144.95868,412.6306,424.32065,-99.0905,212.57953,488.74628,254.81866,201.79349,503.36652,-1.97851,175.37796,488.3557,258.2491,159.22665,499.68774,-5.8851337,213.82683,553.80054,146.07088,209.54651,583.2069,-139.21317
image_088.jpg,917.5036,415.67575,-254.63713,939.06067,396.94424,-258.30347,941.0721,391.2859,-258.1928,943.2407,385.968,-258.4478,932.5311,400.3151,-304.75107,930.8374,397.0677,-304.90564,929.15784,393.84348,-304.83588,939.98706,344.91016,-211.43576,921.15027,356.10226,-417.82578,901.47595,393.50153,-227.66797,896.52234,397.6741,-287.765,872.12396,266.72495,-131.31282,814.37683,324.648,-398.17206,855.3974,407.6659,-33.640934,766.8072,486.7499,-411.6778,865.96466,550.766,-120.20316,798.1101,636.2895,-365.68024,900.5035,564.52374,-145.30298,831.07446,663.5679,-417.7342,899.5856,569.63727,-199.5207,849.0398,647.3901,-398.25018,880.3171,570.1364,-147.61646,836.70074,638.4344,-361.91373,619.7444,269.37283,79.26215,550.3717,280.66766,-79.27949,743.9368,374.60336,194.05684,364.8291,410.6573,39.33062,767.4221,524.2845,240.75691,203.48605,464.17477,174.25513,743.1695,546.0824,242.24815,165.72128,461.06384,174.81682,874.1013,599.5113,191.17845,240.49075,552.6194,45.335117
image_089.jpg,1052.5629,471.16495,-304.72406,1068.425,452.62354,-303.35672,1068.5513,447.60373,-302.9951,1068.8683,442.8107,-302.67725,1064.1481,455.94293,-356.72083,1062.6957,452.81,-357.20047,1061.1863,449.6425,-357.63806,1057.02,402.4538,-221.4144,1048.5005,411.3141,-458.4676,1030.6833,449.61508,-261.60797,1029.5889,454.22897,-330.4753,995.88513,326.91125,-80.13538,918.5946,386.91415,-433.43835,982.47,474.2617,22.135094,876.16736,554.31647,-430.2113,973.3602,611.45465,-44.420273,876.8122,700.14105,-415.1918,1014.9193,619.38806,-77.25959,909.86755,721.36005,-492.52292,1009.1516,625.69604,-141.66843,931.7582,707.1463,-455.77377,985.5658,628.8326,-75.17232,919.4252,699.98413,-404.95132,714.7062,318.72513,117.751495,662.6022,339.47192,-117.704865,524.0295,417.34683,249.68079,481.06635,442.6884,44.30889,357.4133,493.04837,433.27765,290.79437,499.0555,201.38745,317.87625,491.03384,447.26926,244.2778,493.70438,205.14754,372.28705,577.47406,362.80667,323.42297,582.3435,99.03298
image_090.jpg,333.2059,262.3622,-153.52077,320.3987,242.01318,-194.08052,322.15424,238.21892,-194.09854,323.95267,234.10126,-194.57198,318.07397,242.97887,-147.65546,318.09576,240.52278,-147.70897,318.35468,238.25629,-147.5555,343.72742,211.64221,-269.3639,334.93304,216.76352,-49.52569,359.8246,258.41504,-172.26813,357.4672,260.7548,-109.63203,470.6145,236.7675,-361.2436,486.1596,233.49792,142.14067,519.34656,433.1374,-359.30408,519.437,391.12646,210.62442,532.43134,630.71533,-290.67746,520.91,539.361,140.04007,505.26526,651.7119,-342.47833,491.88867,536.40656,142.94095,494.42477,635.59247,-295.16248,483.15894,546.6569,82.3477,505.2217,629.79297,-273.26065,494.65027,553.3317,111.7003,782.4255,321.73965,-152.44508,761.1749,319.9896,152.40976,994.1623,424.1163,4.814532,773.8703,391.9542,401.6441,1194.3793,461.65683,163.6863,890.4949,440.49747,679.19006,1240.0709,449.0795,174.95308,926.8668,430.10364,701.5419,1185.4027,521.92883,63.403877,881.0864,517.66144,681.73193
image_091.jpg,364.52713,278.95325,-129.71948,350.2737,261.0434,-169.90646,351.21588,258.19296,-169.8893,352.1922,255.08237,-170.35722,349.7804,260.25995,-127.02945,350.27313,257.4967,-127.05967,350.9696,254.85086,-126.89186,366.89062,235.40622,-247.6152,364.34128,234.74878,-42.7731,385.93433,275.98132,-151.4722,385.3642,276.29947,-93.10573,475.65353,259.57532,-348.9702,495.66757,253.95618,133.02344,509.75122,427.81387,-354.194,516.9048,389.8652,213.65729,508.3454,584.954,-305.3131,522.0825,522.97705,150.5905,479.81198,598.8708,-354.32983,500.01282,520.2447,157.62369,472.53632,582.30457,-309.45703,492.93546,527.3997,96.87802,483.859,578.41705,-287.3255,500.71133,532.751,125.02501,743.109,328.66043,-143.48111,720.9515,334.59732,143.39435,948.5405,420.09937,-91.15178,659.7047,409.7498,377.36865,1142.9432,452.40588,-23.373888,805.0,437.0981,528.47375,1187.02,446.1812,-26.319113,837.8124,424.4358,533.90967,1119.0685,503.67972,-153.7147,816.57983,497.75912,532.7174
image_092.jpg,447.4749,302.8656,-94.51011,435.9792,288.87665,-130.36403,436.8081,286.77435,-130.44753,437.65244,284.39597,-130.78662,435.3679,287.34125,-90.90776,435.71326,284.68622,-90.85705,436.27426,282.1208,-90.67405,449.93475,268.59155,-209.03526,447.38644,265.2941,-21.010687,465.36694,301.24075,-117.368965,464.70703,300.5382,-63.579033,537.47015,287.69043,-298.5609,554.2099,281.11032,133.23456,554.1063,422.7404,-304.85983,564.4583,397.86163,190.3264,557.8946,556.04706,-251.8315,571.4716,510.18607,124.00211,534.6431,569.0094,-293.04913,553.2903,506.78546,133.70062,530.4889,554.60205,-250.23788,548.5053,514.83264,79.36783,539.7718,550.6702,-234.01567,554.6485,519.82166,101.339355,760.459,346.1992,-133.9097,745.62537,346.86984,133.86687,931.893,430.31458,-119.40346,711.39435,410.01892,402.52008,1095.9609,463.5693,-101.931496,826.5646,441.83185,575.34924,1132.1274,457.91068,-108.131454,853.72675,435.32187,586.2886,1077.1975,508.14365,-214.11592,827.31604,490.83163,581.13904
image_093.jpg,954.9698,232.46895,-183.23016,965.6467,218.80365,-165.28363,965.3614,219.3554,-165.04234,965.2219,219.9775,-165.0698,961.7158,213.627,-201.10928,958.8779,209.34901,-201.08597,955.98865,205.21509,-201.29938,945.97644,214.48393,-44.374283,935.14557,195.52034,-201.43279,934.2363,242.91132,-132.24455,929.40625,234.22238,-177.61887,825.9686,241.4037,166.5516,838.52356,264.36633,-287.13895,799.85,382.34796,198.36516,807.1305,413.50616,-300.99033,818.541,508.65097,112.53267,820.5765,558.3551,-289.2155,848.89526,507.1137,113.46577,845.08673,570.3565,-350.78433,857.1952,523.29285,58.349358,854.1874,563.92285,-324.45834,843.19324,529.6047,85.34794,841.18604,561.12195,-281.05267,594.08264,334.7582,144.5365,592.6412,351.1957,-143.86758,420.75104,402.12793,201.016,398.87213,431.99942,-91.77636,240.88306,429.1928,324.0119,198.73904,463.77847,-15.895607,201.57051,424.85977,330.43048,155.72739,457.9014,-24.992672,246.88713,495.1479,263.81747,215.55817,540.0879,-159.76076
image_094.jpg,955.3821,238.38942,-94.184715,963.5792,221.61707,-82.65413,962.28625,219.7539,-82.4292,961.1435,217.97993,-82.43797,961.91254,221.73543,-122.47737,959.8889,219.00803,-122.465706,957.81586,216.4013,-122.62491,940.3357,207.28485,0.40258586,936.71576,205.08998,-173.90251,932.8095,243.08635,-57.017944,931.21,241.14265,-107.35122,820.28625,233.313,175.03069,836.94635,263.78552,-261.47223,794.8722,376.01688,215.73267,802.7584,411.53888,-268.2874,819.0608,506.41446,143.7331,820.50745,556.2328,-249.41852,850.5248,503.7659,144.94713,847.27356,568.4643,-305.8861,859.6969,522.4399,91.50197,854.9505,560.6781,-281.76605,846.1325,528.569,117.68881,842.5894,558.0875,-242.40877,595.14594,330.85544,137.85655,596.01904,349.0485,-137.13387,422.01736,403.62552,188.83707,403.69083,432.01135,-77.798454,240.95581,431.41473,305.15103,202.91751,466.8228,-1.3827027,202.41066,425.29312,310.89954,161.2217,461.7393,-10.614981,245.40784,497.00598,241.10323,219.02046,542.9281,-143.36958
image_095.jpg,945.03204,282.7556,-61.765423,957.4468,267.9123,-52.112164,956.7744,265.3437,-51.832825,956.26843,262.89145,-51.80818,954.98486,268.05148,-91.77891,953.35913,264.83255,-91.81817,951.65967,261.6893,-91.95408,939.20154,246.12001,10.8186035,933.5928,243.78065,-164.57364,921.9026,280.82626,-32.520855,920.32056,279.20694,-83.19869,820.8859,251.44873,151.59323,820.1002,268.8245,-243.09999,811.302,387.9024,209.60184,800.87036,421.4631,-257.74692,818.9282,512.5385,115.110825,820.0984,566.35925,-240.38275,850.6543,507.51578,102.595985,851.7669,576.4581,-298.38443,854.90125,522.6953,45.182808,860.16486,565.8807,-269.74063,840.7091,529.9407,87.21877,847.12964,564.44604,-231.61594,580.01117,323.2876,126.81709,572.2616,330.03482,-126.15409,402.74765,399.50928,172.45706,385.3209,411.7124,-68.06227,230.50732,429.74167,296.94998,195.20581,452.56464,35.52629,194.47769,422.32736,302.27466,154.49506,449.6855,24.948017,228.83408,498.05,202.6099,211.62036,530.5978,-128.93733
image_096.jpg,941.6039,308.44873,-161.5168,965.0647,304.5524,-143.51404,966.3461,305.63312,-143.30014,967.80505,306.81912,-143.30061,960.6721,294.79242,-180.74426,959.73456,287.97086,-180.77287,958.71436,281.29373,-181.04941,961.67444,287.6985,-28.170015,950.5231,254.25015,-194.21562,921.8096,303.27625,-109.36799,918.5839,290.03006,-157.99806,850.952,242.50957,154.62115,837.3324,257.99344,-255.5258,836.88904,384.83716,236.27626,798.1717,427.73187,-280.0507,834.51086,503.58743,121.673965,812.77637,590.5449,-234.68436,867.17706,497.1488,97.653206,845.6894,606.0302,-289.62512,872.0327,512.9235,33.516876,858.4985,590.7116,-259.94037,855.3443,521.1993,90.37129,844.22266,585.93475,-222.86253,561.92346,311.7106,132.23949,542.4958,325.19223,-131.71632,354.52026,388.39615,217.11671,337.34216,417.57693,-51.5027,171.42914,427.459,324.46872,131.70288,460.5198,30.56239,132.17438,418.59708,327.78766,87.844124,450.74167,21.067305,169.1148,510.74268,235.51782,144.65366,552.07825,-116.777565
image_097.jpg,941.7097,307.2994,-45.70968,963.6665,297.9633,-39.508476,964.7039,295.33456,-39.26295,965.922,292.86108,-39.23174,959.60815,297.17957,-79.53605,958.8539,293.2457,-79.55721,958.01056,289.41354,-79.718056,959.2972,270.36774,10.253437,949.2357,264.39102,-166.47784,921.40393,296.87442,-17.910433,919.051,294.412,-69.421364,844.3579,234.4277,160.88339,833.83167,259.13748,-244.30193,841.52216,379.57645,241.7592,799.6847,424.02887,-256.87436,837.6837,503.23666,128.96751,812.7359,587.0627,-211.7734,873.062,492.99005,106.22037,849.9866,599.2557,-263.6601,876.3549,509.1376,38.84342,860.95856,583.71185,-227.19302,860.7843,519.7886,95.9513,846.6444,580.6962,-197.56598,564.45776,308.9849,135.0143,551.4527,323.25708,-134.45374,356.13785,383.74533,214.39658,342.5511,416.67624,-44.57544,172.89676,423.0182,339.38614,130.86052,458.1682,51.156784,133.29765,416.14307,345.11853,83.36277,451.7823,41.630318,176.52397,498.821,250.10693,154.8035,546.0076,-96.661865
image_098.jpg,892.6763,320.7704,42.704216,901.54565,311.12222,55.953045,901.2145,308.47302,56.028275,900.9408,305.91528,55.941147,900.94366,313.34268,17.999496,900.65247,312.07318,18.073038,900.3415,310.8855,17.919218,892.1987,294.3348,107.39678,892.5459,301.09628,-62.909122,879.54584,318.2681,66.84194,879.5691,319.92282,17.39156,803.3959,284.50186,234.63223,834.6539,321.157,-167.05411,778.4962,386.91388,270.89072,816.87384,424.91315,-198.12994,789.56213,463.026,172.24524,836.79456,519.314,-162.09015,813.55536,460.56845,188.4693,864.4691,530.3006,-197.9725,817.4158,472.2513,139.58621,866.83484,519.98737,-158.94739,810.51025,477.56174,151.04623,855.40533,517.4482,-144.89178,629.719,323.80023,124.222305,639.53284,344.71756,-123.98599,504.54504,380.90295,201.24219,510.30148,402.63412,-55.647728,382.17413,417.4978,314.0703,365.36423,443.4527,38.501923,355.16068,417.92996,321.53275,334.88327,441.40344,37.75225,390.1807,462.4966,269.60162,373.92422,495.11227,-44.128265
image_099.jpg,888.8832,331.34775,45.66525,899.52234,323.1215,58.389202,899.7268,320.71353,58.47298,899.9923,318.3844,58.380398,898.07385,324.55057,21.359238,897.72253,322.99646,21.415281,897.3518,321.51392,21.25941,893.73584,306.76184,107.366776,891.23236,310.89124,-58.92883,876.8622,328.38968,69.07794,875.96497,329.1641,20.78025,806.26465,292.30576,236.93144,834.58765,324.55008,-162.67972,778.50214,388.06647,281.11447,816.6216,426.94876,-198.10495,789.54333,462.0665,176.63017,838.1143,521.6348,-169.68246,813.376,459.1157,191.52113,866.00104,531.6977,-205.46999,817.9569,471.34927,141.49525,868.6203,521.95013,-166.1594,810.75287,476.796,154.758,857.3158,519.6819,-152.28299,634.8591,330.5405,126.055725,644.8788,348.62817,-125.792046,499.7741,384.42242,189.2612,509.49182,405.2325,-66.62569,373.3733,423.7954,297.07584,363.56958,449.00256,24.158487,345.23926,425.1167,303.60953,331.76453,448.2236,21.271503,383.30917,471.1432,242.80035,375.6048,502.40045,-72.65704
image_100.jpg,890.5176,319.14752,25.98366,899.3369,310.52325,38.02356,899.34845,308.26584,38.104774,899.4263,306.09253,38.010597,897.8811,312.0924,2.7401114,897.25433,310.75983,2.796155,896.60736,309.48764,2.6673636,891.0889,296.27902,88.79444,888.39606,300.89084,-69.06899,877.7325,318.16397,49.79062,876.70605,319.08133,4.0997024,805.26056,287.3507,215.44278,831.0521,323.8994,-167.7438,774.59296,379.96964,269.5551,813.31836,428.93173,-196.10486,786.2265,455.93698,188.94533,839.75165,518.8948,-162.59097,805.59375,457.04858,207.25366,864.0143,530.88776,-196.05392,811.2108,468.89145,161.88483,867.48596,522.1616,-162.36876,805.12805,472.67126,170.17752,857.0883,518.9335,-147.56851,633.34344,331.2712,121.14169,641.37524,348.92984,-120.93518,502.40463,388.3146,182.97617,506.4358,402.11215,-64.535645,377.08032,430.674,293.35043,365.0421,444.64874,27.555056,349.2752,431.57043,299.936,334.7026,442.95535,27.128105,384.95102,475.67273,242.6666,372.9303,493.98007,-57.884144
