,picture_name,pull_up_motion,center,lshoulder_lelbow,rshoulder_relbow,lelbow_lwrist,relbow_rwrist,lhip_lknee,rhip_rknee,lknee_lankle,rknee_rankle,lshoulder_lwrist,rshoulder_rwrist,lhip_lwrist,rhip_rwrist,lshoulder_lankle,rshoulder_rankle,lelbow_relbow,lknee_rknee,lwrist_rwrist,lankle_rankle,leye_lwrist_y,reye_rwrist_y,leye_lshoulder_y,reye_rshoulder_y,agl_lshoulder_lelbow_lwrist,agl_rshoulder_relbow_rwrist,agl_lshoulder_lhip_lknee,agl_rshoulder_rhip_rknee,agl_lhip_lknee_lankle,agl_rhip_rknee_rankle,agl_lelbow_lshoulder_lhip,agl_relbow_rshoulder_rhip
0,up_100.jpg,up,137.06507873535156,53.5571403503418,45.63020706176758,55.35502243041992,39.300636291503906,87.38528442382812,99.49373626708984,38.188072204589844,46.867462158203125,96.62041473388672,41.9115104675293,73.67050170898438,157.45352172851562,247.05479431152344,269.2214660644531,123.45783996582031,29.02507972717285,145.64332580566406,44.052406311035156,7.4817047119140625,-0.7014923095703125,17.487716674804688,19.42224884033203,68.46744182523028,74.37317855146014,169.8401569025414,146.53593394505143,166.25672183278522,171.688033619266,72.80488515575517,115.64523864904417
1,up_101.jpg,up,40.98654556274414,31.075963973999023,33.9236946105957,33.83089828491211,35.872718811035156,47.18735122680664,51.00516891479492,30.503618240356445,31.472009658813477,50.50429153442383,55.554080963134766,55.65476608276367,64.94327545166016,95.00928497314453,99.2303466796875,29.993417739868164,14.976166725158691,27.98112678527832,15.652798652648926,21.152565002441406,19.67440414428711,20.770877838134766,21.588565826416016,8.570152540316819,10.190717373739895,166.08389072602722,171.093370029368,168.4711957475741,170.1728827377694,15.32567408232299,19.714473605217215
2,up_102.JPG,up,59.79062271118164,41.52415466308594,48.686092376708984,58.60518264770508,70.75465393066406,78.51570129394531,121.7347183227539,54.373165130615234,40.95879364013672,91.53514862060547,111.57543182373047,62.035118103027344,80.23078918457031,117.92352294921875,171.83436584472656,52.091163635253906,52.74742126464844,51.21944046020508,77.20133972167969,24.115478515625,21.443798065185547,23.214881896972656,23.095272064208984,15.49629903797908,17.502585144400285,166.36304055740564,164.1075618293057,173.64074736430328,165.55896701002072,35.115887655246475,33.21037415983964
3,up_103.jpg,up,40.66506576538086,45.280006408691406,24.683500289916992,60.569801330566406,23.800662994384766,41.735008239746094,39.80140686035156,75.20243072509766,99.51578521728516,97.69599151611328,35.22336196899414,105.48567962646484,60.465965270996094,92.10802459716797,106.2672119140625,89.45418548583984,35.000389099121094,117.44241333007812,56.71888732910156,6.015907287597656,5.633525848388672,18.183258056640625,18.289546966552734,67.97809292214471,79.08171971997018,178.19911635125575,164.37843711387572,111.7347231227801,70.48076985668577,89.9155403852018,76.31840276670144
4,up_104.JPG,up,65.04523468017578,66.09923553466797,55.784976959228516,75.71349334716797,75.2420883178711,25.163789749145508,29.013835906982422,106.35638427734375,114.8844985961914,137.8275909423828,126.89127349853516,195.05368041992188,183.5810089111328,172.01316833496094,182.2498016357422,85.73043823242188,23.3454647064209,93.4283676147461,16.59394073486328,17.604297637939453,15.84063720703125,19.57144546508789,19.490371704101562,74.4512681042409,82.22989051221245,171.29863087430522,164.72329336506968,154.72815845821307,104.95373863554812,75.86719363994122,75.75576593382164
5,up_105.jpg,up,46.14116287231445,67.76203155517578,56.23771667480469,92.67814636230469,79.82264709472656,30.396743774414062,30.631994247436523,66.72037506103516,67.56578063964844,156.10867309570312,130.52215576171875,183.7112579345703,160.79698181152344,124.96637725830078,131.5023956298828,70.00960540771484,20.83171844482422,74.10707092285156,17.919057846069336,17.951133728027344,19.09890365600586,20.856136322021484,20.80710220336914,44.30288823988549,49.43023611773319,176.7536570775843,176.60734440764995,178.8505287952439,178.0445628307167,60.98104223070855,54.06410282804747
6,up_108.jpg,up,44.66691589355469,42.06055450439453,45.40913772583008,79.94404602050781,72.704345703125,34.20401382446289,33.947349548339844,57.091346740722656,57.863765716552734,117.3643569946289,112.92170715332031,103.8639144897461,104.51631164550781,102.6300048828125,104.7928466796875,45.59451675415039,13.699079513549805,45.54789733886719,8.814332008361816,17.871780395507812,15.105419158935547,17.4906005859375,16.22618865966797,36.711242260443036,30.942853808232957,173.90951166567763,175.2418803095377,175.9722870790005,178.6815189519554,30.806953534317213,46.71305026211871
7,up_109.JPG,up,77.21967315673828,52.577754974365234,50.49692916870117,92.18067932128906,94.6025390625,40.43878936767578,40.08434295654297,60.011322021484375,47.107666015625,137.58045959472656,138.80984497070312,86.12438201904297,83.53926849365234,113.62979888916016,120.37968444824219,77.03499603271484,33.41981887817383,68.17882537841797,27.240781784057617,18.99966049194336,18.168628692626953,19.316638946533203,19.152099609375,18.350518978911516,41.20012113015087,160.77350060861235,166.89864031382703,161.8906909728603,178.83585390644103,55.61336048653561,54.603940489477765
8,up_11.jpg,up,62.44601821899414,91.71936798095703,82.37566375732422,92.80830383300781,94.76921081542969,142.81631469726562,126.80792236328125,87.82666778564453,85.57115173339844,179.44058227539062,170.09222412109375,231.62359619140625,223.19320678710938,96.65467834472656,95.61605072021484,61.91160202026367,27.124313354492188,48.94046401977539,22.469736099243164,20.377368927001953,20.35559844970703,24.792476654052734,25.65938949584961,16.119724554471993,19.429046829991552,166.57204798847368,165.12137045027634,160.27422744066274,152.97156676500353,42.10958813889475,45.309063897087576
9,up_110.jpg,up,41.0817756652832,60.15340805053711,41.35678482055664,81.75924682617188,75.87712097167969,84.90740966796875,62.11134719848633,83.13818359375,109.0936050415039,135.89186096191406,108.34822082519531,142.04360961914062,100.06181335449219,96.3758544921875,85.96515655517578,95.97415924072266,72.3971176147461,114.00838470458984,75.46099853515625,20.38991928100586,24.41989517211914,22.492782592773438,20.318500518798828,62.59841736578923,83.66427121905015,155.15635303519386,135.47609548999492,132.91257523032738,60.761417497946795,81.14264050956231,38.5509468831968
10,up_111.jpg,up,42.057918548583984,47.649009704589844,46.35676193237305,61.553016662597656,54.00328826904297,33.31857681274414,30.28912353515625,29.177797317504883,25.33280372619629,103.57756042480469,94.60379791259766,102.61186218261719,93.54718017578125,93.79647064208984,94.57763671875,71.56637573242188,16.101829528808594,72.83880615234375,10.40086841583252,15.291839599609375,12.887054443359375,16.785709381103516,15.448810577392578,62.73897582871893,56.798043137695984,168.69765749969503,170.76315770375456,168.77941122159442,179.83996365879025,68.85334068314683,69.9094928345059
11,up_112.JPG,up,50.83077621459961,33.886634826660156,38.7978515625,53.191104888916016,47.41583251953125,49.246952056884766,59.17943572998047,32.25782012939453,38.24359893798828,74.85107421875,72.50736236572266,66.27467346191406,61.715553283691406,129.1232147216797,146.87069702148438,81.63910675048828,25.569795608520508,61.0921516418457,32.72428512573242,14.569622039794922,16.69125747680664,19.424137115478516,19.731834411621094,20.40593122093804,25.19685471612218,168.8701744177512,169.80078404969979,178.38314896825258,175.68152592603306,64.92359134418,71.33453667274819
12,up_113.jpg,up,40.447479248046875,41.718563079833984,41.260128021240234,61.208045959472656,40.60106658935547,47.080074310302734,41.28541564941406,72.23753356933594,71.84297180175781,94.68616485595703,70.63493347167969,99.00473022460938,81.76911926269531,90.39214324951172,101.76274108886719,75.87931060791016,31.83347511291504,65.27447509765625,7.182133674621582,16.41229248046875,12.853813171386719,18.841060638427734,19.275333404541016,41.60098151744433,33.603089546547864,143.79334980363717,178.04215860412887,85.02751231795867,155.34294378540594,53.303571509250304,74.3955337606136
13,up_114.jpg,up,43.066795349121094,32.309932708740234,33.46657180786133,53.200496673583984,52.80354690551758,35.49689865112305,30.822458267211914,55.54682159423828,56.771400451660156,76.25888061523438,77.24870300292969,71.7611083984375,83.77689361572266,96.3839111328125,105.75967407226562,78.64076232910156,36.061614990234375,99.92138671875,34.745216369628906,22.43218994140625,19.05945587158203,20.74871063232422,21.185138702392578,81.96937343688982,82.78932398637151,173.0109866199841,168.23224840965037,175.1840695884027,178.88200230693928,50.75960949627111,71.61994295740634
14,up_115.jpg,up,40.06810760498047,29.896888732910156,39.563140869140625,57.44257354736328,58.30380630493164,42.38962173461914,48.48773193359375,32.966766357421875,33.660789489746094,77.01115417480469,87.27055358886719,86.40921020507812,93.93596649169922,108.2580795288086,113.25170135498047,73.33619689941406,44.045989990234375,71.3169937133789,43.59907531738281,19.968090057373047,20.013423919677734,20.10451889038086,17.377025604248047,45.10161056142678,15.483185074772654,152.97369778402458,167.1299751785497,167.78177011313133,162.54345215183844,46.033395213283676,47.58640606072073
15,up_15.jpg,up,72.429931640625,42.60319519042969,45.01706314086914,56.0324821472168,76.70025634765625,74.48316955566406,37.39790725708008,47.5679817199707,49.5510368347168,88.1664047241211,112.24118041992188,53.22026443481445,67.49413299560547,148.5401611328125,110.08425903320312,63.38838195800781,100.5959243774414,49.577545166015625,106.78189849853516,17.832534790039062,22.71306610107422,20.887130737304688,21.753887176513672,19.924604375032658,31.183344768909105,171.0274077048297,164.1854979302012,168.353986058951,169.55242471109977,59.76920274740821,25.312756196148126
16,up_16.jpg,up,50.8899040222168,31.683244705200195,26.968122482299805,43.72597885131836,44.468971252441406,38.07207107543945,40.274085998535156,41.50318145751953,40.600467681884766,66.60597229003906,63.332706451416016,58.93888473510742,54.906700134277344,112.68831634521484,117.8548355102539,35.21897888183594,10.120526313781738,31.39572525024414,7.747699737548828,12.254356384277344,11.387561798095703,18.817119598388672,15.743999481201172,21.884868666826318,32.49855916529759,172.85676094852522,179.2574131820142,178.6075889843792,178.88838170362408,41.113627029596415,31.9263532373906
17,up_18.jpg,up,51.690452575683594,28.393495559692383,25.345632553100586,40.96052551269531,42.37847137451172,41.091068267822266,43.20255661010742,42.70089340209961,41.866065979003906,56.688907623291016,56.39865493774414,46.974037170410156,48.52958297729492,117.51290893554688,123.36306762695312,32.45484924316406,6.8886590003967285,30.022663116455078,8.732528686523438,21.393898010253906,18.734642028808594,21.19330596923828,19.673614501953125,16.23733358179044,22.143165930668687,176.92217150478686,176.56393172528536,177.52305056682954,178.93296917852592,27.277180073146322,28.184509232679986
18,up_19.jpg,up,44.964088439941406,27.94199562072754,26.18346405029297,40.27389907836914,40.34062194824219,37.234580993652344,38.12578582763672,40.86094665527344,40.519187927246094,57.43568801879883,54.881874084472656,54.755523681640625,53.30242156982422,110.09498596191406,112.0669174194336,30.066972732543945,7.590110778808594,31.726619720458984,6.373611927032471,20.55764389038086,19.070587158203125,19.855854034423828,18.872417449951172,18.21912662984798,27.01412899764162,174.81724380637232,178.73322712643807,179.43916451582825,178.95195710441857,25.333390197630735,24.74239441931704
19,up_2.jpg,up,40.00217819213867,34.70896530151367,31.88936424255371,46.09779739379883,44.51045608520508,38.0297966003418,45.40855026245117,65.32882690429688,65.54296875,73.88632202148438,65.9731674194336,87.17278289794922,75.16820526123047,102.38223266601562,93.12706756591797,34.66608810424805,22.570131301879883,33.57188034057617,14.954784393310547,18.70743179321289,19.440410614013672,21.28765106201172,19.9962158203125,15.151237881110035,25.6358309740789,166.9658867139293,168.6141379465241,166.58128240423156,136.34191394747674,38.7059443660319,20.90579520025084
20,up_20.jpg,up,49.107872009277344,26.686641693115234,26.285070419311523,37.50080871582031,40.00102615356445,39.020050048828125,39.97871398925781,39.73699951171875,39.55665588378906,50.490360260009766,53.173065185546875,46.51640319824219,48.79885482788086,115.13361358642578,117.23331451416016,30.27073097229004,9.181135177612305,29.913192749023438,8.781516075134277,20.253799438476562,19.228912353515625,21.107479095458984,19.447166442871094,16.936738122610578,22.967125801193177,175.78314183803883,176.23329592794337,178.68216098973738,179.68350770319628,23.849811638201434,25.94622209072096
21,up_28.jpg,up,41.060577392578125,26.332847595214844,25.264694213867188,34.65599060058594,27.394868850708008,30.569812774658203,42.3564453125,32.074771881103516,38.53588104248047,53.26976776123047,40.01172637939453,61.51778030395508,48.09032440185547,98.25516510009766,114.23748779296875,25.88272476196289,12.096983909606934,32.29971694946289,20.702207565307617,17.59192657470703,18.69676971435547,16.89781951904297,17.368911743164062,16.11735447883,18.988520119093238,178.68512529183718,179.35105871800076,177.07849085659743,176.02624193097793,18.476973101205132,21.229559827287783
22,up_29.jpg,up,46.91802978515625,25.954214096069336,29.482654571533203,39.268524169921875,39.3278923034668,48.63713836669922,42.98576354980469,38.33673858642578,37.52211380004883,57.807491302490234,61.17995071411133,54.924583435058594,59.97929000854492,119.84089660644531,112.11651611328125,38.015899658203125,13.640532493591309,28.77449607849121,15.169075012207031,17.80722427368164,15.247154235839844,22.26534652709961,20.743213653564453,26.887278724376145,31.10820927294438,174.856722299775,178.89090523115132,176.4220240726235,178.08215619190847,54.24643472794096,45.9786546621806
23,up_3.jpg,up,40.00423812866211,24.031620025634766,18.49098777770996,30.75010108947754,34.46113586425781,30.983720779418945,32.78939437866211,30.023948669433594,37.76209259033203,45.05408477783203,43.855377197265625,59.27798080444336,61.10218811035156,89.09911346435547,98.34716796875,35.47031784057617,37.91274642944336,32.228904724121094,49.65535354614258,18.634689331054688,14.131214141845703,16.252098083496094,15.755863189697266,9.19218469821905,36.69478150454331,179.24637559631546,176.747636493202,155.04085453632894,153.7886076538988,31.34694145990925,28.69398670324958
24,up_30.jpg,up,43.333683013916016,26.711166381835938,29.51985740661621,38.33367919921875,35.572845458984375,34.22608184814453,33.94010925292969,39.246219635009766,40.942039489746094,59.49359130859375,58.950557708740234,63.60808181762695,67.19173431396484,103.614013671875,104.1641616821289,37.75347137451172,9.881610870361328,27.445016860961914,11.39188003540039,10.559505462646484,8.906959533691406,20.072532653808594,18.83611297607422,44.1428090963079,43.63702675807929,172.2543382637301,177.9973252424169,179.62862394549174,179.72459812124308,69.5038342393205,62.87230112131758
25,up_31.jpg,up,46.56748962402344,22.057817459106445,26.09871482849121,33.407222747802734,34.562381744384766,37.66794204711914,35.059207916259766,35.083831787109375,34.62666320800781,46.534427642822266,52.880733489990234,51.55744171142578,58.28194046020508,113.83662414550781,109.92515563964844,37.244686126708984,14.69432258605957,29.029760360717773,14.47024917602539,13.675846099853516,10.667434692382812,20.676769256591797,19.181049346923828,33.107067548643194,37.751309316306724,174.53880431466757,178.07195188928844,176.60295578373714,179.02753633530827,57.04846519342533,51.5136897013972
26,up_32.jpg,up,49.72283172607422,26.445907592773438,28.886550903320312,38.70024871826172,38.08091354370117,47.819820404052734,35.82421875,38.05717468261719,34.32996368408203,58.024898529052734,59.178077697753906,52.89545440673828,57.887611389160156,128.3274688720703,113.15889739990234,38.863502502441406,30.271760940551758,30.59245491027832,32.83919143676758,15.844474792480469,12.389320373535156,21.19968032836914,20.003055572509766,31.618024837877886,38.96717519612279,174.86183128127416,179.941497608526,177.3210955334506,178.14178374336265,58.00825703597386,50.80500293349502
27,up_33.jpg,up,55.014408111572266,25.008914947509766,25.930051803588867,33.20331573486328,35.300052642822266,45.76759338378906,46.29794692993164,44.66765213012695,42.93531799316406,43.944366455078125,48.22501754760742,36.72178649902344,35.63215255737305,124.44341278076172,125.4021987915039,33.334346771240234,11.821930885314941,32.918426513671875,12.086542129516602,22.264122009277344,23.115577697753906,22.716781616210938,20.72637176513672,24.20746083371081,19.88865025924171,174.85072539368372,176.51691270303897,178.97890538841776,176.46697035982785,35.17120535733441,21.12067295153944
28,up_34.jpg,up,49.44913101196289,30.027677536010742,31.476116180419922,46.35673522949219,47.183658599853516,38.700008392333984,39.3864860534668,46.316070556640625,45.0286865234375,67.8128890991211,68.05638122558594,56.67567825317383,57.35417175292969,110.84667205810547,111.78620147705078,29.319761276245117,10.2319974899292,29.496734619140625,9.028265953063965,21.05471420288086,23.731719970703125,23.094585418701172,23.42053985595703,25.108929690936606,15.649971464115197,176.26579032554864,177.69200576860464,179.73754815990944,177.89702072673177,28.912204417042314,20.308775195089193
29,up_35.jpg,up,61.23886489868164,29.043893814086914,30.26321029663086,40.40214538574219,41.456756591796875,44.22708511352539,43.405826568603516,44.998836517333984,43.26542663574219,57.95140838623047,58.365745544433594,44.84890365600586,43.04198455810547,124.176513671875,121.13483428955078,35.17133712768555,11.6997652053833,34.33114242553711,11.96971607208252,21.01611328125,21.55945587158203,22.859275817871094,21.470924377441406,25.927527862962634,22.125953853960254,176.43255622432366,178.2614659604653,177.27469122822956,177.8762569516549,36.23758913207016,23.64489913291188
30,up_36.jpg,up,62.11187744140625,27.06794548034668,33.0305290222168,39.57084655761719,44.09719467163086,45.59043884277344,44.09783172607422,46.200096130371094,45.36520767211914,57.45471954345703,65.12699127197266,38.40533447265625,38.96260070800781,129.7482147216797,124.01400756835938,35.06275939941406,14.732762336730957,34.85861587524414,17.667226791381836,26.871002197265625,29.640186309814453,22.469051361083984,22.601333618164062,24.652502299650504,18.176219381481964,174.32743728061237,178.80889196206348,179.582939997857,177.0987901788107,37.553752924753276,16.88381098673215
31,up_37.jpg,up,54.545833587646484,29.15427589416504,30.1643009185791,45.91634750366211,46.03289794921875,42.21098709106445,42.31914138793945,45.764644622802734,44.98137283325195,65.1191635131836,66.50455474853516,48.15385818481445,49.82185363769531,117.97221374511719,118.5846939086914,31.480113983154297,9.811502456665039,30.812957763671875,9.27863883972168,24.608844757080078,27.945526123046875,25.128372192382812,24.655200958251953,25.547045345057903,13.009550104582496,177.7579134516296,177.0588199117878,178.5383445265736,177.76115460376187,32.055983397648276,19.11228997704304
32,up_4.jpg,up,40.00056457519531,13.435248374938965,18.40776824951172,18.193307876586914,23.31765365600586,34.81757736206055,34.36268997192383,37.20695877075195,40.16845703125,19.792495727539062,25.113834381103516,50.81020736694336,49.1790771484375,95.68756103515625,93.34785461425781,12.72602367401123,8.256611824035645,2.5650317668914795,2.9390869140625,8.309040069580078,9.402851104736328,14.77341079711914,14.893135070800781,31.92609369020214,12.772590351707244,167.3907927821958,176.42007063852088,175.4998702148674,157.7090269544594,3.9079405449469857,10.804894814096611
33,up_43.jpg,up,40.81875228881836,26.103939056396484,24.248313903808594,29.774595260620117,28.6624755859375,27.296186447143555,29.723339080810547,24.068565368652344,22.160375595092773,48.10090637207031,40.92665100097656,61.54408264160156,55.34736633300781,84.37525177001953,87.07830047607422,37.55125045776367,8.416357040405273,33.2362060546875,3.208543300628662,9.065666198730469,10.963020324707031,14.888668060302734,14.8271484375,36.38379957653804,30.690034356104935,175.09344663849495,173.82730350882736,175.71251768202092,168.9220155535516,49.327557883940386,47.131027103472235
34,up_47.jpg,up,49.07440948486328,51.778072357177734,35.197792053222656,66.2746353149414,44.686012268066406,42.60310745239258,37.19247055053711,45.83025360107422,72.9506607055664,113.081298828125,70.28045654296875,99.79943084716797,70.45744323730469,108.40743255615234,114.77180480957031,57.70888900756836,54.43832778930664,68.62167358398438,88.4529800415039,1.2810401916503906,3.1725120544433594,17.696304321289062,17.714431762695312,58.1760474631244,46.81744287339319,173.09756609790318,172.59616555339824,178.99112140911942,173.31818120809461,71.24833968542264,57.63818372636423
35,up_48.jpg,up,68.37066650390625,73.080078125,72.63463592529297,105.41680908203125,97.34909057617188,45.38444137573242,69.31895446777344,79.23677062988281,90.78984832763672,173.49880981445312,164.86964416503906,230.93484497070312,227.3684844970703,146.6448974609375,129.53854370117188,57.85992431640625,47.631439208984375,53.131072998046875,36.360836029052734,16.212646484375,18.359909057617188,21.060237884521484,21.71710205078125,37.28234169770448,31.472405204773214,175.0597974841778,176.09538074822248,179.23446374640295,173.61751106074692,51.83488617730622,42.52152709302197
36,up_49.jpg,up,46.936824798583984,58.793548583984375,56.833797454833984,76.6509017944336,61.497947692871094,40.176029205322266,72.45944213867188,58.90479278564453,73.75435638427734,131.56832885742188,112.8284912109375,119.20846557617188,106.41889953613281,110.93982696533203,98.09735870361328,55.74264144897461,47.849769592285156,52.28034591674805,29.949289321899414,1.4736213684082031,2.1223297119140625,18.463966369628906,18.885025024414062,59.02152242953442,59.95150732654502,174.28804074947973,173.51060493985787,175.35194197782326,175.5653307478728,70.80785395565934,77.09944172848157
37,up_5.jpg,up,40.07396697998047,22.434402465820312,22.510393142700195,37.58749771118164,39.9638671875,35.61894226074219,38.81924819946289,38.75825881958008,42.53208923339844,51.70581817626953,54.034515380859375,64.43120574951172,65.45813751220703,101.93665313720703,103.96383666992188,30.640705108642578,10.613847732543945,25.201202392578125,5.933798789978027,10.98160171508789,9.270801544189453,11.862876892089844,9.862777709960938,9.694401677700919,33.842480846767636,173.22177991814905,175.14508286862025,179.62703569913862,164.195316099762,41.678429032443105,30.58549831085789
38,up_55.jpg,up,41.021976470947266,16.01476287841797,20.030765533447266,19.504751205444336,20.692279815673828,24.75943374633789,25.70640754699707,31.747121810913086,33.794822692871094,20.08885383605957,23.843353271484375,46.209495544433594,44.10163879394531,86.56945037841797,86.41142272949219,33.85323715209961,12.459954261779785,34.33013916015625,7.260195255279541,16.40416717529297,18.083694458007812,19.126113891601562,19.047412872314453,32.57837675593836,31.637299631715663,169.4930603492997,177.2147085069385,157.69234763250623,175.56793623767007,39.21267610055514,35.07442157679533
39,up_57.jpg,up,51.61370849609375,80.2629623413086,79.33988189697266,78.44817352294922,88.25850677490234,128.28721618652344,130.04713439941406,88.84666442871094,77.2446517944336,153.0999755859375,162.146728515625,191.52615356445312,199.4107208251953,89.27513885498047,91.61502075195312,55.186302185058594,18.42733383178711,45.33931350708008,8.163058280944824,20.900699615478516,19.51628875732422,23.147220611572266,24.776744842529297,14.252992873172488,27.70875240604275,177.37945631218489,160.3968466391085,179.23185461414002,144.6958090382926,37.02508262261595,46.85542555536763
40,up_6.jpg,up,40.07522964477539,30.693300247192383,27.41318702697754,42.3748893737793,40.963924407958984,30.32206916809082,31.4007625579834,36.85171890258789,42.07430648803711,65.55644226074219,59.646297454833984,79.9559555053711,72.20806121826172,95.29611206054688,105.16169738769531,32.77998352050781,33.76325225830078,32.31592559814453,42.14048767089844,18.615108489990234,19.87674331665039,18.84731674194336,17.892406463623047,14.951878319615703,30.08334280307855,171.73573566042936,179.95282570463556,178.02510043404783,179.63418007701046,36.76235256600224,21.40421459455418
41,up_61.jpg,up,41.48697280883789,42.75597381591797,39.31229019165039,67.75263214111328,53.68938446044922,29.577604293823242,30.00861358642578,25.05672836303711,26.40793800354004,105.3724136352539,86.21661376953125,104.70184326171875,88.71794891357422,96.2449951171875,97.7437973022461,70.38714599609375,15.650772094726562,64.46155548095703,9.461294174194336,13.271503448486328,14.076709747314453,17.30931854248047,16.23980712890625,44.92550779405634,33.60597188637761,168.84568135938756,178.208487370797,174.3134217324355,179.07209648945343,72.88789244473834,67.19637094144758
42,up_62.jpg,up,43.85905838012695,28.453449249267578,25.39126205444336,44.48380661010742,44.311222076416016,35.132835388183594,34.710201263427734,44.96186828613281,44.06419372558594,64.99813079833984,62.24814224243164,64.36956787109375,61.25735092163086,104.49860382080078,103.18370056152344,29.941890716552734,8.996386528015137,26.923492431640625,7.193921089172363,16.45331573486328,14.446365356445312,18.792896270751953,17.40180206298828,16.27876550929574,25.08630810440552,175.12476624356296,178.03837832179434,178.55120258505724,179.89564336090422,31.375860480855085,29.436742454731785
43,up_63.jpg,up,48.92071533203125,29.758743286132812,29.457902908325195,49.1252555847168,49.09273910522461,37.838626861572266,37.90867233276367,45.38709259033203,45.39193344116211,70.68684387207031,70.96380615234375,58.8497314453125,61.207252502441406,108.25933074951172,108.73308563232422,29.84092140197754,12.289787292480469,27.89816665649414,12.173046112060547,18.770832061767578,15.433643341064453,19.722171783447266,17.61557388305664,15.976454506441806,25.080973726663743,177.28152141739955,174.90560277594128,179.52742422028317,179.8201834309539,28.108195529083435,28.714634365110527
44,up_64.jpg,up,42.275508880615234,28.869022369384766,29.892009735107422,50.32304763793945,48.716644287109375,36.101139068603516,36.217445373535156,47.410701751708984,47.60975646972656,70.75887298583984,70.47089385986328,69.05760192871094,71.9291763305664,106.37519073486328,108.03623962402344,29.65387535095215,8.800987243652344,28.258258819580078,8.10422134399414,20.079113006591797,17.398361206054688,20.446529388427734,18.795364379882812,18.181307872413623,23.362641565461104,176.91315565508242,175.70517204093966,179.79250750443703,179.22579304862273,28.145577154410915,27.77823592046929
45,up_65.jpg,up,40.14320373535156,43.1791877746582,39.71367263793945,61.38313674926758,42.73242950439453,37.71528244018555,28.798011779785156,43.98878479003906,44.90062713623047,98.58336639404297,71.15666198730469,113.75872039794922,84.03272247314453,85.02288055419922,96.02069091796875,90.21514129638672,39.189579010009766,88.79920196533203,34.547142028808594,4.9808349609375,4.228271484375,17.210159301757812,15.845970153808594,66.87354205032693,45.92835031894346,160.9064060719481,175.4401297379208,173.32921879379333,158.91600698553637,86.50203723427202,91.67135662456946
46,up_66.JPG,up,42.48259735107422,34.82182312011719,64.70797729492188,40.0457763671875,76.0071792602539,56.519100189208984,52.54096221923828,45.14217758178711,38.229820251464844,64.38524627685547,134.5736846923828,68.96106719970703,132.86610412597656,141.0137176513672,126.62528228759766,105.3939437866211,15.6448974609375,134.6963348388672,18.281494140625,18.88684844970703,20.322528839111328,17.74567413330078,16.37009048461914,87.79505351585797,71.64806284621929,167.24850992387175,176.32693417899858,179.93094177853484,178.38219274176876,77.45903069771522,68.82709226616647
47,up_67.JPG,up,43.9986457824707,30.436744689941406,29.33144187927246,46.2124137878418,29.08220672607422,32.94771194458008,35.05130386352539,33.020729064941406,32.65810012817383,66.84339904785156,43.94572067260742,66.35198974609375,53.68352508544922,111.67073059082031,111.25442504882812,76.24365234375,19.273279190063477,84.11415100097656,15.012763023376465,18.94884490966797,14.193458557128906,18.5048828125,16.567218780517578,43.87592286958424,52.105949064707346,173.39934115827836,172.49376371489572,179.6322539636645,175.6237288652764,61.46264569927532,59.37572237951294
48,up_68.jpg,up,40.35472869873047,12.270689964294434,13.097071647644043,18.010663986206055,19.852161407470703,24.579120635986328,22.201641082763672,42.02863693237305,51.65684127807617,20.47915267944336,18.229450225830078,54.31473922729492,53.30014419555664,85.94513702392578,90.9427490234375,33.91594314575195,15.6143217086792,38.36227798461914,14.792391777038574,6.681346893310547,6.387004852294922,18.378337860107422,17.214080810546875,75.24271627431612,54.50807878447664,167.85455260892698,162.3715463083419,147.00616150618444,155.41925065881333,70.12234201961101,54.35250073556209
49,up_7.jpg,up,50.385921478271484,30.052892684936523,26.271074295043945,42.65421676635742,44.4765739440918,38.127384185791016,40.20070266723633,42.103511810302734,41.311431884765625,64.92866516113281,62.52579116821289,58.80397033691406,55.21759033203125,112.47760772705078,116.69988250732422,35.79880905151367,10.742679595947266,31.277074813842773,8.357211112976074,11.382682800292969,11.524234771728516,18.5341796875,16.167495727539062,25.806039288195617,33.10449598242069,174.0791599042824,179.4421561386847,177.4971914706319,179.17052315785898,46.890614689971535,33.39845707901428
50,up_72.JPG,up,47.73843002319336,66.199462890625,58.60334014892578,96.12366485595703,101.12450408935547,86.33770751953125,41.982879638671875,81.30839538574219,103.031982421875,156.3778533935547,153.7589569091797,187.31507873535156,184.09153747558594,107.24903106689453,139.87554931640625,61.08803939819336,71.5241928100586,55.1638298034668,94.22537231445312,22.721458435058594,22.735191345214844,21.678592681884766,22.253978729248047,7.983036309451693,32.05272539741418,179.60905864124314,166.78875623045985,171.40121029772615,159.05928705147923,43.300428205591885,31.22985152696772
51,up_73.jpg,up,83.65203857421875,83.56285858154297,89.39733123779297,107.41442108154297,110.45088195800781,137.7864227294922,118.3091812133789,159.30943298339844,178.6839141845703,186.274658203125,195.2318572998047,258.0763244628906,276.7013854980469,124.98336791992188,164.74952697753906,76.73729705810547,48.934295654296875,91.22224426269531,45.297420501708984,22.468624114990234,21.907413482666016,19.618633270263672,19.433242797851562,56.82407981881207,56.889793068816765,153.53008499381383,146.30305181511065,100.32481379446943,110.88058747650248,52.2932772479787,45.720657926661715
52,up_74.JPG,up,45.833648681640625,122.3714828491211,113.2380599975586,141.41458129882812,145.60635375976562,138.25634765625,243.888916015625,227.3566131591797,236.3475341796875,258.99371337890625,255.38893127441406,282.259521484375,286.68743896484375,141.2695770263672,95.6229248046875,126.48060607910156,121.02897644042969,126.60179138183594,90.0097885131836,16.16956329345703,16.742198944091797,20.174591064453125,21.027854919433594,65.46275281688246,69.68646666753747,151.05722866518903,104.33541891283087,93.96869439436892,58.723603238316805,78.93471355846398,89.16415810479786
53,up_75.JPG,up,43.497802734375,65.75243377685547,72.46540832519531,128.36068725585938,140.99681091308594,46.02342224121094,94.94722747802734,131.75767517089844,113.05191040039062,188.74453735351562,208.5539093017578,178.24623107910156,196.41212463378906,128.03245544433594,98.6628646850586,89.80718994140625,64.882080078125,111.37654876708984,79.78702545166016,27.794944763183594,25.22325897216797,24.33230209350586,23.88784408569336,65.99293259082636,76.56583319957431,175.07061650382312,158.35304913376558,173.61214253205927,173.20179478463757,46.916371333331654,63.18435880411712
54,up_76.JPG,up,84.23289489746094,85.15526580810547,66.8498306274414,147.6959991455078,144.2938690185547,37.520790100097656,33.11281967163086,115.57450103759766,108.09921264648438,229.05645751953125,207.3122100830078,311.79266357421875,279.4739685058594,233.78175354003906,194.34228515625,90.97759246826172,36.21666717529297,107.9135971069336,39.359107971191406,20.627235412597656,20.444839477539062,19.72262191772461,20.12948989868164,66.18139117040535,81.21560742046556,165.7619429293095,160.36337871217543,177.6174711019158,166.713538544854,66.22801404167986,57.25755094429776
55,up_78.JPG,up,42.61065673828125,97.84918975830078,90.29080963134766,115.89082336425781,115.65090942382812,130.3400115966797,178.30809020996094,185.98780822753906,181.69650268554688,208.94815063476562,201.69320678710938,227.70550537109375,223.44886779785156,113.8353271484375,92.78509521484375,103.45940399169922,67.08141326904297,100.50341796875,47.376426696777344,16.37936019897461,17.46416473388672,20.54293441772461,22.086837768554688,59.54549356152278,55.58965631502108,161.6661380312413,121.57692007620741,103.96475820695264,79.17571678332789,69.78186391967505,83.4880796592205
56,up_79.jpg,up,41.26720428466797,20.31395149230957,28.74795913696289,23.954010009765625,14.727981567382812,30.64425277709961,33.38677978515625,49.31122589111328,61.570655822753906,27.318315505981445,26.36162757873535,48.65098571777344,53.898738861083984,87.94619750976562,93.59463500976562,78.19657897949219,22.290443420410156,94.26124572753906,30.653873443603516,17.78342056274414,23.042457580566406,17.701995849609375,17.537269592285156,43.70444072518731,32.726933370386135,172.8924555171277,164.254492858731,165.43143371783825,143.0832186780966,65.66489909555816,44.68211741807752
57,up_8.jpg,up,48.403114318847656,29.532182693481445,28.0852108001709,45.22254943847656,49.5269889831543,38.984283447265625,41.925689697265625,38.891361236572266,39.79832458496094,66.06094360351562,69.42792510986328,56.13924026489258,57.216453552246094,116.93901062011719,119.54901885986328,32.30828094482422,8.629786491394043,30.188993453979492,10.293850898742676,20.16781997680664,20.010211944580078,19.63949966430664,18.191120147705078,13.736794496459604,29.164395491766697,175.4900994018886,178.96966095474724,175.49386966631047,178.7452482593773,36.92168038877113,20.73702805604899
58,up_80.jpg,up,42.9886589050293,9.151593208312988,13.563882827758789,24.922225952148438,19.184938430786133,27.055057525634766,39.23003005981445,31.589723587036133,36.63856887817383,20.462064743041992,24.193645477294922,58.76604461669922,51.057655334472656,83.61160278320312,117.6118392944336,27.854341506958008,31.4149227142334,36.57184982299805,62.43503189086914,-4.948692321777344,0.057125091552734375,12.559432983398438,9.512641906738281,32.51766320440612,83.88393010275776,157.3312938150667,171.10084589878568,157.1118125162775,174.26348303169004,35.79851042127589,66.31154725522912
59,up_81.jpg,up,51.71439743041992,24.15871810913086,26.516813278198242,35.48594284057617,39.63836669921875,39.34181594848633,38.04098892211914,34.610137939453125,36.011627197265625,49.212982177734375,59.73899459838867,48.810394287109375,54.355079650878906,116.21347045898438,117.48469543457031,27.513750076293945,13.63984489440918,34.922096252441406,13.236356735229492,11.821449279785156,9.51131820678711,16.82126235961914,15.964225769042969,39.096030129909664,34.11701347026713,177.54753360728054,179.5972460564447,179.5147747099403,176.98371515167435,32.079520229528136,30.739081944534796
60,up_82.jpg,up,74.19818115234375,24.561054229736328,37.24772262573242,38.26030349731445,47.97117614746094,38.019161224365234,43.41536331176758,41.37858581542969,43.18239974975586,57.341793060302734,77.45787048339844,126.78548431396484,144.31356811523438,114.30413818359375,116.92491912841797,27.67368507385254,11.554603576660156,26.6220760345459,9.638130187988281,20.181983947753906,20.3612060546875,21.96560287475586,15.735851287841797,2.0443507506656866,7.056070356054243,156.2854379465103,161.7009446752517,171.7752860981894,168.5746457927431,36.05087225072952,11.44709652061789
61,up_87.jpg,up,42.19865417480469,29.450027465820312,29.86153793334961,47.88188552856445,45.43549728393555,37.93849182128906,35.38234329223633,50.00296401977539,48.88987731933594,67.93793487548828,64.73455810546875,68.84339141845703,70.21910095214844,108.05582427978516,107.41610717773438,31.597490310668945,11.246209144592285,34.298057556152344,10.118383407592773,18.28329849243164,13.9385986328125,20.772254943847656,20.213863372802734,29.31039761546489,26.91649827364546,175.533061291768,174.72147453629606,178.760967712381,177.7797563965953,27.545531375446952,30.947730563300347
62,up_90.jpg,up,44.70269012451172,28.090927124023438,29.934289932250977,44.152984619140625,42.05414962768555,38.194129943847656,35.10498046875,50.6169548034668,55.69942855834961,62.74214172363281,59.79901123046875,60.65882873535156,62.490840911865234,105.09121704101562,105.35443115234375,32.45669174194336,19.873971939086914,34.781585693359375,28.320444107055664,20.909992218017578,19.957374572753906,25.020362854003906,25.49524688720703,32.001287242774815,26.85796355245845,175.2486931958637,176.54103693118748,177.08071749826686,173.6800619331659,30.37123527659459,30.721548848935374
63,up_91.jpg,up,40.5675163269043,27.8826961517334,29.62802505493164,41.85244369506836,41.657230377197266,31.97800636291504,31.710298538208008,44.94635772705078,45.107261657714844,60.73783874511719,62.200565338134766,66.32429504394531,73.41830444335938,100.23512268066406,103.54666900634766,29.457998275756836,12.831442832946777,32.2745246887207,12.515198707580566,20.758148193359375,16.570865631103516,22.26025390625,20.62609100341797,30.08277589737744,25.900480313849382,176.0005604196987,173.6786412538185,177.06883296911104,179.03712592090295,24.95538703839472,30.80026677911977
64,up_92.jpg,up,40.39265060424805,25.5899658203125,21.3641414642334,34.296546936035156,27.211427688598633,28.32478904724121,26.8642635345459,24.464433670043945,32.816871643066406,54.582984924316406,43.3075065612793,78.54228973388672,71.35298156738281,89.01033020019531,98.2254638671875,33.36648941040039,25.033985137939453,35.57061004638672,35.21842575073242,1.5108184814453125,0.838775634765625,13.976593017578125,13.008026123046875,59.27577622138815,54.8950909632279,172.21546446944006,168.8320036782035,177.89156659330843,164.41328473902112,64.50184082331005,61.84746538730301
65,up_93.jpg,up,40.712791442871094,19.887475967407227,19.917634963989258,27.418113708496094,24.23724365234375,27.427318572998047,28.5074520111084,25.004249572753906,28.97534942626953,39.935787200927734,36.998294830322266,66.44524383544922,63.187557220458984,92.46165466308594,95.69157409667969,27.512020111083984,10.021096229553223,31.220075607299805,11.999191284179688,8.9744873046875,6.005718231201172,12.544425964355469,13.58156967163086,43.25516454196221,48.156269233742414,166.98553398044794,179.8508646407056,176.86750267067006,179.49347818010818,39.77374198992584,45.513153364582145
66,up_94.jpg,up,40.469764709472656,22.211380004882812,21.261938095092773,27.2144718170166,23.484464645385742,27.258586883544922,27.566024780273438,26.406959533691406,30.941076278686523,39.72934341430664,35.019752502441406,64.19577026367188,60.78714370727539,92.35787200927734,95.76893615722656,29.130474090576172,10.422914505004883,30.23933219909668,10.021783828735352,12.820392608642578,8.592689514160156,15.026268005371094,15.452930450439453,31.66324752037254,38.9774921968641,169.9208350970176,176.8652350478656,172.8357376262599,179.04550337529108,35.65968682639538,41.68735267459373
67,up_95.jpg,up,40.2275390625,15.450406074523926,17.21662712097168,16.613025665283203,20.18754005432129,27.92774200439453,27.273643493652344,28.272388458251953,33.38091278076172,22.087556838989258,26.661319732666016,47.745460510253906,49.83055877685547,95.91071319580078,98.03211212158203,25.84436798095703,18.458581924438477,26.526565551757812,27.948514938354492,8.678966522216797,8.329662322998047,11.661056518554688,13.420177459716797,33.50369663374584,32.00518728079089,172.62195634770418,171.17628852589195,178.72845601193174,174.8761646606185,34.73339023153659,34.40864888744834
68,up_96.jpg,up,40.81840133666992,27.231388092041016,26.09745216369629,34.3136100769043,37.1137809753418,31.57927894592285,31.36511993408203,37.64543533325195,35.70048522949219,57.7348518371582,58.92097091674805,72.47408294677734,69.60780334472656,101.45481872558594,99.56221008300781,30.494457244873047,14.371188163757324,28.517244338989258,17.318681716918945,4.669319152832031,8.01870346069336,17.67321014404297,16.73438262939453,61.790761156813566,47.217886619147286,170.10633939240947,174.59773882929213,177.22191116878935,179.88069526453455,72.96215709158389,49.482794423396435
69,up_97.JPG,up,42.2244987487793,26.238399505615234,31.46322250366211,32.61979293823242,33.59187698364258,31.972984313964844,29.76578712463379,38.51169967651367,37.75238037109375,52.84538269042969,58.43004608154297,81.68389892578125,84.97089385986328,108.61992645263672,102.697509765625,26.073843002319336,11.349441528320312,21.257295608520508,13.289331436157227,11.071155548095703,13.619888305664062,18.799476623535156,19.626216888427734,31.30415715494829,28.69766476011763,179.6011629425626,173.31483805786698,178.59279843710263,178.50045427952404,39.92776275570963,44.20429445921636
70,up_98.JPG,up,40.12604904174805,21.362977981567383,30.6873779296875,33.023536682128906,34.779579162597656,32.70789337158203,38.74321365356445,36.98031234741211,36.762535095214844,48.7930793762207,58.708763122558594,67.56314086914062,80.6588363647461,104.57213592529297,100.41928100585938,34.30207824707031,22.1370906829834,30.807777404785156,26.83485984802246,12.32596206665039,14.15036392211914,18.9683837890625,22.342735290527344,45.65441875209093,34.21780657184901,179.05867198001084,167.92355117992247,179.39856951386736,174.24167742539368,51.610668142327626,48.28699905445645
0,down_1.jpg,down,40.033931732177734,21.16962432861328,18.775257110595703,16.927391052246094,17.939632415771484,33.69209289550781,22.44254493713379,29.449777603149414,38.01527404785156,38.096046447753906,36.645362854003906,76.48070526123047,76.34452819824219,73.96204376220703,81.50743103027344,22.364572525024414,37.032901763916016,26.914480209350586,47.766021728515625,-26.385150909423828,-27.188133239746094,9.263809204101562,8.411216735839844,179.63866432357165,179.83874424265233,176.53630679781614,179.92633458856858,170.70571581283477,167.47662093930617,174.89172018908215,172.23550424446486
1,down_10.jpg,down,40.71495819091797,25.471691131591797,18.144432067871094,18.52305030822754,17.491931915283203,26.58283805847168,24.692943572998047,32.36738967895508,36.6651725769043,43.96829605102539,34.99060821533203,82.42993927001953,76.30290985107422,91.13365173339844,96.0458755493164,32.67857360839844,23.972991943359375,37.1119499206543,30.023149490356445,-23.180805206298828,-22.149208068847656,12.640121459960938,12.138751983642578,176.47405645372066,173.95983649948226,177.82307345631153,178.5265966012012,177.63223797090137,179.82777860131097,178.4034109517965,174.2359300485782
2,down_100.jpg,down,47.90850830078125,43.08597183227539,33.0755615234375,23.495555877685547,25.756601333618164,85.94575500488281,76.13419342041016,50.0793571472168,39.720619201660156,64.57052612304688,58.16461181640625,113.93418884277344,102.70555877685547,88.38906860351562,93.01811218261719,38.09669876098633,21.67652130126953,46.45462417602539,8.01307487487793,-26.912555694580078,-26.92342758178711,13.969886779785156,13.696521759033203,172.54450200251625,176.395144090516,173.76592742894562,171.79012126906667,172.36051036665444,167.34944281696053,163.36544811560546,167.39624691561914
3,down_11.jpg,down,42.00552749633789,25.435462951660156,17.544260025024414,26.102190017700195,17.773550033569336,29.056896209716797,30.392210006713867,36.01527404785156,34.0407829284668,51.47758102416992,33.9242057800293,90.86226654052734,75.67874908447266,103.2334976196289,103.24761962890625,48.463706970214844,21.382787704467773,61.87877655029297,20.143815994262695,-22.871623992919922,-22.112228393554688,12.129138946533203,10.776618957519531,174.26211335139035,172.8335109845905,178.23717416531107,178.0355642838563,179.59976958397192,179.18258162946753,175.3024877657667,165.94927133995193
4,down_12.jpg,down,42.2498664855957,29.1221866607666,25.09242820739746,24.145313262939453,24.147119522094727,47.30881881713867,44.987274169921875,31.220806121826172,30.893489837646484,52.6533317565918,49.200218200683594,95.52420806884766,90.65198516845703,99.74642944335938,102.6509780883789,28.13203239440918,20.887046813964844,30.538204193115234,20.817270278930664,-38.205528259277344,-34.32158279418945,9.81978988647461,10.813793182373047,179.7192605557778,175.51061729015532,173.6725177618565,176.93587650672757,176.15674316772586,175.88086818468338,178.33420383266025,169.73587357429363
5,down_13.jpg,down,45.15129089355469,20.84903335571289,19.669322967529297,22.505321502685547,21.7872257232666,23.109525680541992,28.6982479095459,40.32026290893555,37.102500915527344,43.33332061767578,41.4072151184082,88.98638916015625,85.49710083007812,98.37678527832031,94.91878509521484,19.787010192871094,10.5311279296875,24.889257431030273,14.19084358215332,-30.994182586669922,-30.956073760986328,9.279659271240234,8.06100082397461,179.14288821247712,174.58121978941335,176.35597614334947,179.26438361743328,179.31821916847133,179.25715363482576,176.52484574038886,169.62963681194327
6,down_2.jpg,down,57.173152923583984,25.895544052124023,24.438331604003906,27.670318603515625,25.324787139892578,37.61685562133789,36.53456115722656,36.29972839355469,31.586368560791016,53.23798751831055,49.24601745605469,108.15982055664062,101.66655731201172,110.19175720214844,109.0733871459961,18.172597885131836,12.758418083190918,22.277740478515625,9.941671371459961,-40.1740608215332,-39.19923782348633,9.69540023803711,8.856170654296875,177.4932472637573,178.42347804757802,178.77088514705585,179.84525022520785,177.67892914406758,176.52237685437498,173.83992569841354,178.68672355610298
7,down_20.jpg,down,45.015113830566406,28.06153678894043,23.668872833251953,19.574861526489258,21.02902603149414,29.704822540283203,35.56122970581055,57.61705017089844,56.64433288574219,47.50785827636719,44.63714599609375,90.18054962158203,90.16984558105469,97.48600006103516,102.64067840576172,22.42208480834961,16.451316833496094,27.940576553344727,13.656774520874023,-24.206233978271484,-27.087982177734375,10.504596710205078,8.620956420898438,168.8548474732537,173.14574625230847,173.04319779210988,172.5241480387896,105.9736261248801,147.80198782751765,157.8547968517258,166.22234230296905
8,down_21.jpg,down,43.194374084472656,33.55183029174805,33.34345245361328,20.866731643676758,24.801105499267578,27.28963279724121,43.29445266723633,54.91954040527344,56.98414611816406,53.68117141723633,57.216121673583984,91.8429946899414,99.81212615966797,96.20022583007812,93.67316436767578,27.05220603942871,36.88813018798828,33.30875015258789,33.46162414550781,-22.40884780883789,-28.323558807373047,11.701740264892578,8.601905822753906,169.91957834221031,168.549998827752,171.25642030523454,165.6088273909618,132.0875156993465,142.62889817279836,163.15660825154316,160.74498138110403
9,down_22.jpg,down,48.969093322753906,21.101537704467773,19.409034729003906,17.907690048217773,18.79337501525879,23.888044357299805,29.960548400878906,20.450349807739258,17.034605026245117,38.77884292602539,35.97356033325195,83.24620056152344,79.97735595703125,93.2140121459961,92.39913177490234,21.354877471923828,15.600038528442383,25.55657958984375,7.818434715270996,-26.567276000976562,-23.774429321289062,11.509151458740234,11.606674194335938,177.5734437025259,177.47969616844398,162.2274739404553,168.19277993416034,153.8744084902525,138.05166420335834,174.24489125676925,171.05714270601027
10,down_23.jpg,down,45.33188247680664,29.619487762451172,24.7368221282959,20.98392677307129,22.27577781677246,34.12964630126953,44.14236068725586,60.99945831298828,59.07533264160156,50.315128326416016,46.49790573120117,95.43865966796875,90.48551940917969,101.57061767578125,92.56151580810547,21.58408546447754,26.06110191345215,25.337520599365234,25.00507354736328,-25.23706817626953,-26.93675994873047,11.00577163696289,9.435882568359375,170.95787637907895,166.12289110618798,174.97914661045832,172.29903866412434,104.96595465624978,144.55568087728062,166.6621755222955,162.2032404292801
11,down_24.jpg,down,41.75271224975586,28.217512130737305,23.948163986206055,20.593835830688477,20.573139190673828,31.562265396118164,38.44738006591797,57.416751861572266,61.482887268066406,48.49001693725586,44.119590759277344,86.41000366210938,85.61528015136719,95.67724609375,98.48705291748047,25.816804885864258,23.430044174194336,28.048137664794922,15.315303802490234,-23.567276000976562,-25.394603729248047,11.747108459472656,9.756462097167969,162.8954801016609,171.17955335631524,172.2455683008358,172.0700224212538,128.53625446304676,138.17898894740003,155.98928094409857,165.94190839602666
12,down_25.jpg,down,45.11122131347656,30.801902770996094,25.070398330688477,20.240150451660156,20.189254760742188,29.558631896972656,39.89822769165039,62.77934646606445,58.452125549316406,50.74127197265625,45.055824279785156,94.1795654296875,89.59379577636719,100.39380645751953,91.03569793701172,21.766389846801758,28.317352294921875,25.119619369506836,29.90730094909668,-24.09954833984375,-28.117881774902344,10.83718490600586,8.146652221679688,165.29823136864465,166.73598254646666,175.12643280972046,170.44812570094257,89.69242223805065,141.33270585324837,158.19592381963292,163.74208204928397
13,down_26.jpg,down,46.90308380126953,29.14879035949707,24.536338806152344,20.602603912353516,22.275243759155273,31.098974227905273,34.92938232421875,56.212196350097656,56.696598052978516,49.6901741027832,46.72460174560547,95.0443115234375,94.1494369506836,102.8929672241211,110.14636993408203,21.816457748413086,14.8699369430542,26.89979362487793,8.355385780334473,-26.149642944335938,-28.01921844482422,10.584518432617188,8.065864562988281,172.46330471366315,172.58885360852065,170.6683956592098,174.38538824799642,126.10601851484287,155.34860919995137,166.1094083127664,164.83219390119635
14,down_28.jpg,down,41.3873405456543,26.79320526123047,22.118120193481445,16.13861656188965,20.09151268005371,30.3739013671875,30.236873626708984,30.339109420776367,30.23271369934082,42.38163757324219,42.159393310546875,80.83478546142578,79.3718490600586,96.5189208984375,97.43833923339844,19.156423568725586,16.199323654174805,19.00898551940918,16.181650161743164,-27.395065307617188,-27.669593811035156,12.716060638427734,12.06296157836914,175.56144755795856,174.45723819559927,179.34716186770817,178.6907433498006,177.7291446948455,177.4491752407667,177.49263254673198,170.5041742332717
15,down_29.jpg,down,42.21613693237305,23.73342514038086,20.596426010131836,19.328954696655273,19.246932983398438,30.31664276123047,25.68840217590332,32.18464279174805,40.38723373413086,43.050453186035156,39.75780487060547,85.04524993896484,81.60407257080078,85.0413818359375,101.22576141357422,21.840078353881836,39.0709228515625,26.541948318481445,51.70030212402344,-24.212947845458984,-25.443748474121094,12.181365966796875,11.731971740722656,176.82176772398765,172.20619909045985,176.06940872653243,179.28151008940603,178.29896369900868,178.81152477261745,178.98151816314638,169.37476147287506
16,down_3.jpg,down,47.73386001586914,27.426040649414062,26.97003936767578,27.160566329956055,24.944538116455078,43.408321380615234,41.46747589111328,40.230812072753906,36.11178207397461,54.55546188354492,51.830501556396484,100.13434600830078,98.94944763183594,112.34847259521484,117.29283905029297,20.613649368286133,23.55653953552246,24.75579261779785,25.21982765197754,-41.2334098815918,-38.72908020019531,11.419731140136719,10.110401153564453,177.06356006307178,176.81687730854193,175.71402032363832,179.91554288967995,178.4807423535794,179.02437076999905,175.27184753715002,171.241670739093
17,down_30.jpg,down,40.82719039916992,26.567758560180664,25.119173049926758,18.48920440673828,20.039899826049805,53.25186538696289,39.7613410949707,31.026615142822266,28.958513259887695,44.204132080078125,44.85442352294922,79.60564422607422,79.98834228515625,106.31924438476562,99.7854232788086,18.34457015991211,23.726987838745117,20.52739906311035,24.707233428955078,-25.529987335205078,-26.69359588623047,12.868526458740234,11.577526092529297,179.22465559475484,171.19382845168056,176.74343911458595,178.8577414750074,179.65675066449384,173.58532356691214,179.7253494420518,167.94853601190636
18,down_31.jpg,down,40.23064041137695,28.59185028076172,24.184162139892578,18.033588409423828,20.21637725830078,44.5718994140625,40.41299819946289,31.6341552734375,29.9595890045166,45.76638412475586,44.33216094970703,83.08654022216797,80.93907165527344,105.04888153076172,104.81485748291016,22.57097625732422,15.345487594604492,22.951318740844727,13.115642547607422,-29.333576202392578,-28.79869842529297,11.349098205566406,11.209800720214844,178.06855045508178,173.27371667659781,176.6422293714647,177.69403752251165,179.47769042521278,177.6950757112655,179.04296254491982,168.08138319126311
19,down_32.jpg,down,44.24077606201172,25.369735717773438,25.32834815979004,16.73624038696289,16.85325050354004,60.67137908935547,49.691349029541016,36.023277282714844,33.19192123413086,40.50249099731445,40.75236511230469,80.35521697998047,79.78597259521484,129.30722045898438,119.69921112060547,19.19999885559082,15.043193817138672,22.274925231933594,13.096661567687988,-24.999534606933594,-25.886295318603516,14.121330261230469,13.445655822753906,179.26951627722346,172.1278294999231,175.05589061597257,179.1026957369351,179.42315819487942,174.48562446178985,178.91196953455164,168.20186772822214
20,down_33.jpg,down,40.139976501464844,26.510540008544922,23.889442443847656,18.920772552490234,18.877784729003906,33.52006149291992,26.870073318481445,28.629608154296875,31.276241302490234,45.42551803588867,42.678733825683594,82.42404174804688,81.87725067138672,91.92137145996094,94.80184936523438,22.612150192260742,32.60335922241211,27.07573699951172,44.72586441040039,-24.555381774902344,-26.413028717041016,12.924976348876953,11.836334228515625,178.4551391621045,176.8088723268347,176.6681977506891,178.35835538156542,178.98288055851472,177.78829413305783,177.093964422791,170.38508305490336
21,down_34.jpg,down,41.9860954284668,23.731550216674805,29.509191513061523,19.047040939331055,19.137149810791016,44.270294189453125,40.260459899902344,31.61840057373047,29.321569442749023,42.59137725830078,48.32215881347656,81.3148422241211,82.00370788574219,110.51428985595703,105.78135681152344,27.143444061279297,6.726418495178223,33.97074508666992,4.512989521026611,-26.725875854492188,-27.32382583618164,14.349105834960938,12.804962158203125,179.89190041723904,176.66631261847817,177.65914891623123,178.9504098392005,179.29920027935634,177.34882610148085,176.55131955361185,171.20892681221196
22,down_35.jpg,down,41.21672439575195,22.909021377563477,22.891260147094727,17.113994598388672,16.51937484741211,27.86997413635254,33.465641021728516,52.31132507324219,55.622344970703125,39.80850601196289,39.154266357421875,80.67245483398438,80.8078384399414,68.89724731445312,70.07916259765625,15.77413272857666,11.33584213256836,14.621994018554688,5.548686504364014,-25.055099487304688,-25.859024047851562,13.795490264892578,12.35451889038086,170.69125311463836,176.30149855452945,179.71398764973856,173.64487279856198,1.5210694677834997,19.354645579362604,176.65317133451506,178.75158667492707
23,down_36.jpg,down,41.278324127197266,23.86571502685547,24.340953826904297,18.000598907470703,16.941600799560547,24.389968872070312,32.7401237487793,48.11664962768555,56.59062957763672,41.460296630859375,40.54911804199219,82.07282257080078,82.55538177490234,69.9200439453125,71.10913848876953,15.674873352050781,15.676033020019531,13.777908325195312,6.039726257324219,-24.827476501464844,-26.186080932617188,15.175373077392578,12.982528686523438,172.3985545203314,176.81235572331138,179.91629785295433,176.232558267513,4.472257604362609,21.108433252546778,179.05409211080126,179.69546417670946
24,down_37.jpg,down,40.68088912963867,23.810962677001953,23.375722885131836,17.07394790649414,17.394929885864258,29.769086837768555,33.35085678100586,58.972721099853516,61.83207321166992,40.48597717285156,40.53783416748047,81.35877990722656,81.09658813476562,76.39183044433594,73.32599639892578,16.60126495361328,13.866538047790527,15.072253227233887,7.916743278503418,-26.758506774902344,-27.57154083251953,13.370136260986328,12.333084106445312,170.604823900881,174.48927178280664,177.09617740408208,176.44464930162025,4.698104639458251,18.43690721153384,177.85088598661181,178.772514374544
25,down_38.jpg,down,41.988338470458984,17.52818489074707,10.478068351745605,27.666881561279297,13.030004501342773,32.16019821166992,31.177587509155273,30.652868270874023,30.64743995666504,45.17133331298828,22.82231903076172,85.90450286865234,64.0951156616211,100.41365814208984,100.35979461669922,24.476314544677734,12.27530288696289,39.11287307739258,11.2087984085083,-20.218547821044922,-10.015731811523438,12.367603302001953,12.449817657470703,179.59545654688216,174.35374716929525,173.85706947323027,179.37210571855707,175.33900559953526,178.09903040162405,175.3870591680698,174.9387155330375
26,down_39.jpg,down,40.47610855102539,21.5799503326416,18.61774444580078,18.08509635925293,19.697322845458984,29.1348819732666,27.178747177124023,29.396303176879883,35.48914337158203,39.64204788208008,37.954402923583984,80.05216217041016,77.18836212158203,93.55818939208984,95.01052856445312,21.76020622253418,17.137954711914062,25.398754119873047,28.323427200317383,-24.710601806640625,-24.14065170288086,10.970657348632812,10.685649871826172,178.4009757619863,175.824969916516,178.83754779335518,178.48146635363142,179.21251516087622,178.45540235175864,174.26361599300776,170.1646182088737
27,down_40.jpg,down,40.72163009643555,24.5284423828125,19.51860809326172,19.36237907409668,20.553937911987305,29.078947067260742,32.75235366821289,34.852535247802734,34.1067008972168,43.79488754272461,39.64314270019531,85.75582885742188,78.53572845458984,97.87032318115234,93.63774871826172,27.668643951416016,9.647322654724121,30.417163848876953,10.278636932373047,-27.5601806640625,-26.112098693847656,11.455154418945312,11.000003814697266,179.43888129034877,176.58995110355744,175.37884928068746,177.90047315998612,179.7003099685545,178.90906351643088,177.52742188789836,167.12515670746134
28,down_41.jpg,down,41.95455551147461,23.365354537963867,22.944082260131836,20.45992660522461,16.881629943847656,36.79602813720703,37.27676773071289,51.968910217285156,49.43369674682617,43.75166320800781,39.78728103637695,85.15933227539062,81.33686065673828,94.16909790039062,92.70455169677734,24.7486629486084,15.81895637512207,30.011993408203125,10.426703453063965,-23.671916961669922,-23.577159881591797,13.352485656738281,12.063106536865234,172.29077413522862,174.48072038596578,170.4848821365899,174.040914487396,135.20230052692577,143.43165030594997,168.91861047687928,167.81716415341035
29,down_42.jpg,down,43.09392166137695,21.505992889404297,19.210941314697266,22.109130859375,19.035829544067383,36.618038177490234,45.119041442871094,43.12724685668945,44.08610153198242,43.39283752441406,37.87972640991211,86.53840637207031,80.1224594116211,95.8883285522461,82.05078125,29.100135803222656,28.05953598022461,33.81265640258789,24.7348690032959,-21.92552947998047,-20.619380950927734,13.252105712890625,12.98019027709961,166.16692214804357,165.5681294814212,176.7346554913133,169.63663092565335,158.8125706007457,152.8485550580516,164.532782086274,162.39861116029914
30,down_43.JPG,down,42.44295883178711,19.2603759765625,21.899139404296875,17.45616912841797,17.44970703125,29.43068504333496,29.441715240478516,89.34452819824219,67.73747253417969,36.08724594116211,38.78438949584961,78.9697036743164,74.93991088867188,101.74890899658203,91.0067367553711,27.219806671142578,19.826068878173828,34.046382904052734,32.65346145629883,-22.500755310058594,-25.647537231445312,11.54648208618164,9.642669677734375,167.82415826712042,168.7039512916441,169.02796180549117,173.5654240381364,125.07228304433977,156.27188685119702,178.24339327992143,174.94561038163354
31,down_44.JPG,down,56.86708450317383,24.701257705688477,18.608549118041992,17.344762802124023,17.398521423339844,29.23295021057129,31.26470375061035,49.0435905456543,40.05577087402344,38.4442253112793,35.88819122314453,88.11117553710938,90.0447998046875,95.66658020019531,99.37356567382812,30.449012756347656,9.716462135314941,33.44799041748047,11.516204833984375,-27.83246612548828,-25.52846908569336,9.786479949951172,8.986312866210938,173.1687639898114,176.2520616453169,177.8709121012583,176.3865107314051,175.05043010710222,174.5626963163843,174.83847203431273,169.2381850102315
32,down_45.JPG,down,63.03970718383789,22.21046257019043,24.30191421508789,26.419836044311523,22.334688186645508,31.18356704711914,29.63042640686035,91.2123031616211,89.27860260009766,44.97781753540039,44.938316345214844,105.21166229248047,105.00723266601562,171.42819213867188,161.64944458007812,26.105525970458984,16.370838165283203,32.87778854370117,10.622222900390625,-29.188438415527344,-29.80834197998047,11.098522186279297,11.238075256347656,173.65022766687127,170.643633035745,177.2669594540891,170.3700156575943,157.5035785066911,152.85406019052263,170.29718853819796,178.7585088442798
33,down_46.jpg,down,45.921512603759766,21.23326301574707,23.766632080078125,18.560991287231445,17.087203979492188,30.989477157592773,28.08305549621582,20.616439819335938,23.00838851928711,37.94755554199219,37.16141128540039,75.22154998779297,73.91996002197266,95.3551254272461,90.17192840576172,57.396671295166016,20.69866180419922,56.01964569091797,15.103779792785645,-20.260425567626953,-22.528705596923828,11.723236083984375,9.329933166503906,145.2464862099357,138.5741736748643,177.38985186010163,157.67778566919577,166.3586282552018,161.9380924857002,148.1098690770108,160.0570410854347
34,down_47.jpg,down,41.834014892578125,23.958776473999023,28.834659576416016,29.190872192382812,34.697261810302734,28.338102340698242,30.12845802307129,54.9678955078125,49.91608810424805,53.014793395996094,63.23078536987305,91.93864440917969,99.84627532958984,110.91148376464844,106.82714080810547,48.58652877807617,16.183372497558594,69.9079818725586,16.39166259765625,-21.287593841552734,-23.018726348876953,14.311195373535156,12.303958892822266,176.74050577570853,175.38321058384358,171.55547330785438,173.0989048149805,163.1994645008615,174.97536632812378,158.374301039997,158.15871659150037
35,down_48.JPG,down,43.217830657958984,16.612443923950195,15.750003814697266,20.661113739013672,23.79000473022461,32.630096435546875,32.45209884643555,29.223018646240234,29.7239990234375,35.54589080810547,36.75947189331055,77.55060577392578,79.25901794433594,104.91783142089844,104.13870239257812,30.46066665649414,8.679048538208008,42.303470611572266,9.420888900756836,-21.907360076904297,-19.804927825927734,11.043045043945312,10.817020416259766,167.0869723075353,172.02434211608477,168.72257402978724,178.6117827205296,176.75362975682762,179.15003259034893,159.81428614441975,161.17123618436054
36,down_5.jpg,down,40.15513229370117,25.827669143676758,26.1926326751709,27.25840950012207,26.118207931518555,48.10769271850586,52.09220886230469,30.681053161621094,32.525047302246094,52.894832611083984,52.22051239013672,92.3113021850586,90.0964126586914,104.44855499267578,107.4664077758789,23.087759017944336,11.262609481811523,28.447059631347656,11.053245544433594,-38.11812210083008,-34.49128341674805,10.331058502197266,11.007434844970703,175.58114946599056,172.5241034151889,173.7132939912015,179.0025824665467,178.105013647337,177.85789376070025,174.83567165675302,166.79370128741894
37,down_51.jpg,down,67.0536880493164,18.81879997253418,14.38758659362793,26.79914093017578,27.215347290039062,30.207042694091797,22.78756332397461,28.517616271972656,15.948976516723633,45.42418670654297,39.915653228759766,107.93730926513672,104.2328872680664,117.14713287353516,104.7326889038086,39.37733840942383,40.136844635009766,31.101205825805664,52.151527404785156,30.790679931640625,26.64627456665039,-11.133190155029297,-6.89190673828125,169.4350720432463,173.00418375157076,154.08900301606164,177.52054069968065,170.9852481348067,175.0446344642204,163.37438200303984,161.45874616728304
38,down_54.jpg,down,40.751136779785156,18.69766616821289,14.444378852844238,12.172493934631348,15.884536743164062,22.552343368530273,35.16728591918945,31.86772918701172,42.98191452026367,30.086265563964844,27.843244552612305,68.93714141845703,65.30281829833984,87.27288818359375,99.93583679199219,30.290464401245117,29.4791202545166,24.123516082763672,44.36632537841797,-16.69237518310547,-14.349239349365234,10.739959716796875,11.485759735107422,156.86596668729206,133.05854639080323,175.66110001794905,177.44998120308875,179.72592682040772,179.59384097977235,162.81000347192168,152.29050492457057
39,down_66.jpg,down,40.680076599121094,16.21769142150879,26.20423126220703,20.467191696166992,18.81951141357422,34.97868347167969,35.16476821899414,44.564788818359375,37.82543182373047,34.8337516784668,44.818580627441406,73.75371551513672,78.33812713623047,96.48160552978516,100.60481262207031,40.99695587158203,22.731643676757812,42.09430694580078,36.237483978271484,-23.00307846069336,-23.851673126220703,10.535354614257812,10.65640640258789,171.81511976142892,176.793176552122,179.88472507614486,175.0369746344373,156.58467217651426,178.15550240568172,167.89380889381056,179.17815930935106
40,down_67.jpg,down,40.56374740600586,21.128829956054688,26.147356033325195,32.46248245239258,22.010536193847656,34.614356994628906,31.356943130493164,36.54829788208008,36.981842041015625,52.92272186279297,45.05230712890625,80.07579040527344,85.58673095703125,98.19666290283203,99.00861358642578,24.758943557739258,12.95154857635498,24.672470092773438,14.454766273498535,-10.294910430908203,-22.768997192382812,13.539543151855469,11.260040283203125,154.74978283712534,166.62407672710518,176.5640136875554,170.53678155636933,177.96804103372156,176.8497478212937,145.03390340220824,174.2082131409263
41,down_68.jpg,down,45.40721130371094,25.620891571044922,25.671096801757812,19.3563289642334,18.2613525390625,33.5347900390625,37.24137878417969,38.60633850097656,33.65357971191406,43.977657318115234,38.3152961730957,91.96722412109375,76.21350860595703,91.30286407470703,106.38436126708984,68.50228118896484,44.99793243408203,71.43704223632812,68.95526885986328,-23.36214828491211,-23.518035888671875,11.491092681884766,12.682846069335938,175.69730002055013,176.9929049438315,179.16287334598857,168.9650457453227,149.08487858103013,176.74934404049452,175.65342288532196,178.9523805761471
42,down_69.jpg,down,53.69649887084961,48.10276412963867,22.098888397216797,42.036224365234375,25.07740592956543,42.15009689331055,43.777156829833984,130.1171417236328,146.11497497558594,89.73265075683594,41.00274658203125,146.36354064941406,88.2610855102539,163.66555786132812,163.26516723632812,104.01248931884766,37.428680419921875,127.06200408935547,43.064064025878906,-17.782115936279297,-17.245868682861328,13.930877685546875,13.326778411865234,172.81025100274312,143.2375363297382,165.4739548331451,164.91164266162193,125.64145636825529,85.80001673099977,151.12906859487924,137.05438828264477
43,down_7.jpg,down,42.88258743286133,22.437898635864258,20.794330596923828,21.933027267456055,21.100202560424805,35.91299819946289,34.874908447265625,34.434593200683594,36.29094696044922,44.28368377685547,41.77751159667969,87.88740539550781,83.8099136352539,91.00031280517578,95.88591003417969,24.398988723754883,15.396666526794434,28.387781143188477,16.277332305908203,-30.707077026367188,-32.0794677734375,9.288459777832031,8.076427459716797,179.05550277223597,172.05243787186453,175.02635687800142,179.1084230779252,179.24969871071775,178.14431091335558,176.97245535745648,169.33319294158636
44,down_70.jpg,down,44.13321304321289,27.959640502929688,23.348186492919922,24.33186912536621,21.347808837890625,31.23154640197754,30.799930572509766,41.362701416015625,37.32963180541992,52.23147964477539,44.40993118286133,96.42552947998047,87.9410629272461,109.54793548583984,105.63836669921875,35.612056732177734,13.283997535705566,40.280303955078125,8.06141185760498,-24.914291381835938,-24.77446746826172,14.62002944946289,13.908226013183594,172.83126066463007,173.35424460691226,174.84313022332665,179.2292454818771,175.78408804660998,177.82728449530592,173.03213288565448,172.5438736251126
45,down_72.JPG,down,45.87937545776367,64.83995056152344,29.718509674072266,61.277313232421875,26.47587013244629,24.128704071044922,24.032115936279297,64.2905044555664,73.04916381835938,126.04720306396484,54.85532760620117,161.36727905273438,98.73889923095703,123.44315338134766,125.73583984375,74.4151611328125,16.687847137451172,110.01649475097656,9.838839530944824,-10.731178283691406,-21.843894958496094,13.147449493408203,11.703166961669922,163.7528464274159,147.73171884133654,179.32029190351335,164.4575716855995,160.32385923763772,163.28080841141067,147.81859884757912,146.99462212895278
46,down_73.jpg,down,48.51469802856445,38.59404754638672,20.8034610748291,31.272239685058594,29.2104434967041,30.32370376586914,30.196664810180664,40.07111740112305,36.21674728393555,69.7103271484375,49.27220153808594,117.58427429199219,95.63785552978516,113.64533996582031,109.82939910888672,61.250892639160156,21.224313735961914,72.72885131835938,16.903005599975586,-21.074996948242188,-18.76986312866211,14.294403076171875,14.635387420654297,173.8154636032722,167.9626298798876,175.32984950358178,178.91053883729163,173.86165936035252,178.66761632927094,159.26222563209865,156.77158713334083
47,down_74.JPG,down,45.6766357421875,20.36893653869629,17.12691879272461,23.44480323791504,17.568941116333008,29.8807315826416,31.319812774658203,83.16720581054688,81.17522430419922,43.306007385253906,34.09248733520508,90.36196899414062,77.02091217041016,141.03318786621094,131.456787109375,34.16815185546875,17.70281219482422,46.8791389465332,10.671086311340332,-19.289901733398438,-21.48779296875,13.910999298095703,11.985527038574219,177.40700929529672,179.12883168316523,168.83379318776605,173.99679146535772,152.05803260598,158.58221199833218,172.20865795856105,171.96336218717488
48,down_75.jpg,down,43.625179290771484,40.8960075378418,47.01762008666992,41.68326187133789,42.032997131347656,29.264663696289062,28.594608306884766,53.052730560302734,50.62293243408203,82.43882751464844,88.90443420410156,116.16883087158203,128.06309509277344,109.42444610595703,110.0376205444336,53.2597541809082,23.066364288330078,72.04142761230469,21.815650939941406,-20.72228240966797,-20.648109436035156,14.534923553466797,14.153602600097656,170.69102088820657,174.3105257322274,169.68232124873506,170.57101446448945,169.8133689006166,179.25300452227606,149.49885270415894,157.47277435353433
49,down_79.JPG,down,40.0034065246582,21.46582794189453,22.767580032348633,15.778279304504395,18.10752296447754,31.220928192138672,38.083683013916016,68.94784545898438,75.63046264648438,37.0028076171875,40.28705978393555,77.54425811767578,78.56704711914062,87.66545867919922,90.80721282958984,18.822612762451172,12.961318016052246,20.209592819213867,5.578505992889404,-25.863182067871094,-27.64190673828125,11.076152801513672,10.276985168457031,168.49518337193916,172.77626033896746,174.71248236488267,176.12100761798837,41.03625464667851,12.060249432599106,179.9574838936495,179.43883666674807
50,down_8.jpg,down,40.02307891845703,20.009170532226562,19.38626480102539,14.13566780090332,16.006277084350586,22.959409713745117,21.879764556884766,40.86717224121094,45.161869049072266,34.04093933105469,35.326148986816406,73.59040832519531,75.51201629638672,77.79107666015625,85.8965072631836,18.20403289794922,18.892513275146484,22.644630432128906,22.69317054748535,-22.869640350341797,-26.679931640625,10.085166931152344,8.160636901855469,171.02323764697033,177.94189142711306,176.80086734512741,179.1366727403324,172.94216563390705,166.0911170661691,179.03045965627302,172.7761137172714
51,down_81.jpg,down,41.62897872924805,26.4974365234375,35.7010498046875,14.485393524169922,19.940614700317383,28.360586166381836,31.253585815429688,51.61321258544922,29.439115524291992,38.2260856628418,53.021339416503906,81.0379638671875,83.8189468383789,95.23921203613281,94.25836181640625,107.07274627685547,73.70034790039062,114.30827331542969,106.14994049072266,-20.55740737915039,-24.27197265625,13.706474304199219,12.111488342285156,172.70606329714374,168.97031500889625,176.1247605795662,162.647325668736,163.40991628956792,177.80882932416856,171.74427339689188,167.71770293871663
52,down_82.JPG,down,54.53253173828125,41.14540100097656,38.868919372558594,36.30048751831055,24.801610946655273,29.04930877685547,29.743392944335938,54.646907806396484,50.8040885925293,74.76013946533203,61.10538864135742,78.718017578125,78.47241973876953,95.32482147216797,94.8771743774414,66.29480743408203,20.482879638671875,74.76925659179688,21.621171951293945,-16.037364959716797,-17.958908081054688,14.415046691894531,14.184295654296875,121.8996055333555,157.88586055207102,179.83893913041476,166.61464104813788,178.87418492806313,176.61783557821508,124.11974122022413,151.19054393987503
53,down_83.JPG,down,42.29945755004883,34.769954681396484,27.15957260131836,28.049867630004883,26.72359848022461,28.836870193481445,29.18445587158203,54.369117736816406,51.42266845703125,62.80002975463867,53.7734260559082,101.30506896972656,92.71131896972656,113.67655944824219,113.23433685302734,30.387054443359375,17.62294578552246,35.448211669921875,12.35690975189209,-22.60678482055664,-23.860469818115234,14.188446044921875,13.128849029541016,176.116236503482,170.1867580396972,174.32716407304557,177.22326354624502,174.25717193689695,176.35346263373492,179.50372710632888,167.46945288314333
54,down_84.JPG,down,75.59966278076172,78.14160919189453,82.64617919921875,51.278709411621094,60.06703567504883,33.98289489746094,31.6293888092041,74.66230010986328,71.11405944824219,129.19290161132812,142.65481567382812,201.32916259765625,218.43951416015625,175.62632751464844,167.3701629638672,28.606884002685547,17.665597915649414,29.010581970214844,21.64032745361328,-25.75409698486328,-25.11229705810547,13.470836639404297,13.973136901855469,166.37394518178664,173.5427851487613,179.51977440841273,170.12952469691817,179.29680971314684,176.95614850818416,179.3983782685706,178.00217831919326
55,down_85.JPG,down,96.01317596435547,45.496063232421875,43.482582092285156,35.372291564941406,27.442182540893555,70.48111724853516,70.9723892211914,85.63150024414062,78.53948211669922,80.68424224853516,70.41546630859375,174.29539489746094,167.1876678466797,131.5337677001953,129.79873657226562,35.92734146118164,13.046181678771973,37.46673583984375,12.830467224121094,-30.411014556884766,-30.355430603027344,12.450431823730469,12.702816009521484,165.64366135572888,171.3425080095334,179.0187117309006,178.9186531020256,175.29582150113677,174.26760482348305,177.3991372749072,167.26942396311034
56,down_86.JPG,down,43.67631530761719,17.940431594848633,16.934463500976562,18.180681228637695,20.400148391723633,24.588010787963867,30.68448829650879,21.223522186279297,21.353721618652344,34.231075286865234,33.77056121826172,76.30101013183594,77.806396484375,87.39307403564453,93.43541717529297,27.700428009033203,21.43031883239746,26.03959846496582,20.270904541015625,-24.494918823242188,-23.82159423828125,9.599071502685547,8.95950698852539,166.13809510728044,171.07991819916876,160.04591151955324,172.24712558396655,167.37132674306125,167.15343369062518,172.97518641082058,177.41674550258747
57,down_87.JPG,down,44.66627883911133,21.239208221435547,28.767498016357422,31.812753677368164,19.467496871948242,29.719247817993164,29.08701515197754,28.977731704711914,30.353342056274414,51.47018814086914,41.15919494628906,96.90103149414062,77.43790435791016,98.79342651367188,99.7890625,66.24759674072266,26.14040756225586,86.99048614501953,27.730224609375,-24.60476303100586,-26.194419860839844,11.69863510131836,10.660675048828125,164.96521502300584,176.29277321523585,165.11683520466747,174.65370175688554,171.61997761437598,175.33147508860424,167.400741180093,176.5548748944459
58,down_88.jpg,down,41.67878723144531,19.480327606201172,20.021162033081055,21.185504913330078,16.510366439819336,21.410873413085938,24.54663848876953,29.56489372253418,30.32794761657715,39.89748764038086,31.71892738342285,81.19990539550781,70.62959289550781,83.26370239257812,87.89105987548828,67.0263900756836,29.260826110839844,80.39106750488281,24.628768920898438,-18.574012756347656,-16.946918487548828,11.72369384765625,10.329010009765625,160.2308010979198,169.70644911934923,175.016634331089,171.04299055405,167.52929535818532,172.30931126863604,152.55609000025734,159.16963558770993
59,down_89.jpg,down,54.10715103149414,19.726627349853516,43.16489791870117,22.11236572265625,41.36107635498047,32.71957778930664,32.037025451660156,38.93622589111328,38.08995819091797,40.75639724731445,84.49330139160156,91.53189086914062,140.08877563476562,120.97598266601562,113.99545288085938,63.19449996948242,38.44508743286133,86.76862335205078,42.12823486328125,-23.466903686523438,-27.58100128173828,12.401893615722656,13.395267486572266,169.9735641574101,177.62698236770615,178.70955004830915,177.78608115176675,178.98580387947948,175.5585688605945,165.91215244953642,177.91387763360336
60,down_9.jpg,down,41.004337310791016,21.36894989013672,17.800514221191406,16.38087272644043,18.22766876220703,17.917829513549805,18.358760833740234,38.31578063964844,31.94828987121582,37.70112609863281,36.004878997802734,78.73213195800781,76.49722290039062,85.95169830322266,81.61760711669922,16.9196720123291,4.0513482093811035,22.540157318115234,11.60114574432373,-24.91375732421875,-26.92242431640625,9.342811584472656,7.3601837158203125,173.7878933173164,176.32026791436866,178.35514519265553,176.22030126567634,178.02246033856255,179.29310775061668,176.36851637066562,167.94102280381935
61,down_90.jpeg,down,99.70550537109375,48.78551483154297,26.816394805908203,54.253761291503906,18.929340362548828,63.900421142578125,53.39470291137695,98.74871063232422,86.56157684326172,102.81513214111328,45.63333511352539,203.6395263671875,138.5317840576172,262.81695556640625,237.42816162109375,48.17551040649414,15.323705673217773,87.81008911132812,26.596473693847656,-20.607654571533203,-24.485733032226562,13.254646301269531,12.813488006591797,173.90425606248238,176.8344718758439,175.57331842673605,178.96257121838877,179.3659485303914,172.1015915555976,161.1855249401042,169.85430905450167
62,down_92.JPG,down,43.1741943359375,27.92162322998047,20.170013427734375,33.00639724731445,21.444732666015625,32.825496673583984,33.80225372314453,36.81940460205078,37.31413269042969,60.800235748291016,40.354270935058594,100.92436218261719,83.20865631103516,110.26616668701172,111.86151885986328,37.69765853881836,10.03689193725586,49.425537109375,13.929633140563965,-21.505271911621094,-22.225303649902344,13.787982940673828,11.991203308105469,169.44020834550213,162.22226569384208,179.5560427129055,178.9322278756299,172.95865371056348,176.5892717271061,165.85775682298643,164.08574984756234
63,down_93.jpg,down,40.22755432128906,48.637760162353516,44.02267837524414,20.104106903076172,25.341615676879883,100.1541748046875,83.47743225097656,35.68907165527344,34.78077697753906,63.929100036621094,67.73287963867188,92.39447784423828,96.42387390136719,144.60052490234375,129.2904052734375,36.674346923828125,33.49697494506836,40.42522048950195,34.40776062011719,-27.05786895751953,-27.28943634033203,14.683963775634766,14.00991439819336,164.2146081964438,178.31520224638928,179.23820669006813,169.8024132771879,177.28708119138395,162.86479524944352,171.04539478063785,166.49068677508052
64,down_95.JPG,down,67.97718048095703,35.539676666259766,25.45941925048828,36.177833557128906,27.2537899017334,31.705657958984375,32.58212661743164,48.559932708740234,48.723262786865234,71.67302703857422,52.404232025146484,139.8824462890625,119.25260162353516,142.3755340576172,143.27545166015625,36.63422393798828,14.45639705657959,48.46230697631836,14.098769187927246,-24.762592315673828,-27.172168731689453,12.071212768554688,12.073379516601562,178.03428020829233,173.81155309260132,174.62166816967817,178.78002758263102,179.84460818742588,179.29301577043398,174.73238553612407,170.17993149299286
65,down_96.JPG,down,89.91551971435547,71.49292755126953,59.73436737060547,55.48725891113281,52.419254302978516,36.56637954711914,33.641849517822266,69.45835876464844,68.56820678710938,126.59476470947266,112.05365753173828,216.02166748046875,201.62977600097656,187.54832458496094,178.02699279785156,43.870994567871094,27.766542434692383,42.12697982788086,36.561119079589844,-21.577369689941406,-23.938682556152344,15.57562255859375,16.173412322998047,162.09652555368783,166.73983477315855,172.4277157856217,164.86179594105917,178.43485350026958,175.19760702333767,178.662958140257,171.35721021909293
66,down_97.JPG,down,40.13166809082031,25.812976837158203,13.290719985961914,23.67753028869629,18.184005737304688,29.149337768554688,28.293807983398438,29.342275619506836,31.356077194213867,49.42694091796875,31.420448303222656,76.59053802490234,67.09527587890625,97.32341003417969,94.6164779663086,46.479793548583984,21.219879150390625,78.53684997558594,28.508556365966797,-11.203262329101562,-8.101219177246094,12.494895935058594,14.58319091796875,172.20867526140506,178.05587362398225,177.606928932303,176.80873936551694,178.5732194724757,177.53941934254658,166.71480896003962,177.3802486141286
67,down_99.jpg,down,57.61396789550781,26.38172149658203,20.367977142333984,30.877946853637695,36.163330078125,23.864004135131836,24.26433753967285,23.03542137145996,25.23365020751953,56.560890197753906,49.48255920410156,115.82701110839844,103.44960021972656,90.3515396118164,87.82870483398438,85.18087768554688,44.775733947753906,97.21508026123047,29.67672348022461,-22.9443359375,-23.982105255126953,11.04128646850586,8.956012725830078,165.9584884528658,167.41890948328523,139.08930654206668,162.37669627097608,129.394054278443,178.5440409043414,143.87011111199544,152.10142798550058
