image_101.jpg,824.83344,503.3625,-339.98535,829.8078,490.2109,-339.28638,831.89874,488.45312,-339.18625,834.084,487.0144,-339.1214,821.32544,495.18405,-353.8183,817.30963,496.0676,-353.84766,813.20135,497.09448,-353.87082,826.3362,485.20123,-309.69543,797.9407,498.47186,-365.82706,819.63196,509.9601,-322.50046,810.0392,513.04584,-338.65588,803.0905,512.772,-249.24873,703.1903,522.2878,-363.61908,798.05554,578.58856,-211.63583,578.33307,577.33923,-373.00656,811.7466,633.52686,-212.2853,485.46198,624.0728,-356.47122,824.2227,642.1113,-216.54921,455.57428,632.6715,-390.4089,815.82214,644.97644,-238.15309,467.9393,636.9568,-385.1388,804.76135,644.7351,-222.65503,483.7588,633.39905,-358.50894,610.3698,560.73517,21.724531,564.8795,565.296,-21.484383,566.1697,565.01807,41.620907,494.88528,572.9075,109.44718,530.31494,628.4285,247.8377,496.21008,629.74,424.9505,532.8553,625.48035,267.7582,508.5373,629.27344,456.21548,505.2563,672.39075,257.5243,465.40814,665.5004,493.2312
image_102.jpg,847.2859,494.19138,-515.8616,850.8173,474.10263,-509.59,854.1883,470.8418,-509.48462,857.7229,467.94824,-509.49323,837.93713,481.63367,-523.1643,831.95166,482.94318,-523.14014,825.92194,484.32773,-523.178,848.5841,462.2895,-439.7945,805.3875,483.66992,-491.7207,842.56537,501.11798,-483.40173,828.24316,506.8944,-497.72437,827.20593,489.90073,-345.8462,701.6835,505.50775,-454.61063,823.9102,554.1597,-233.8735,572.46484,559.9777,-449.30508,827.83624,629.081,-209.59619,481.9205,632.6995,-460.65125,843.39124,636.9617,-224.80743,450.17035,641.9951,-508.6589,832.56274,644.48785,-252.50388,468.7053,648.67285,-523.5753,817.472,645.49225,-221.76012,484.02844,645.3622,-472.05096,636.26166,551.98,52.623505,585.5803,558.10236,-52.226414,564.4598,584.874,313.88034,522.6722,582.1674,303.78354,508.00208,610.4514,610.21155,478.70975,609.6478,646.31995,499.20688,605.27563,640.7451,472.24786,607.49536,679.70123,497.77512,651.8932,623.3541,467.04053,645.34344,671.8229
image_103.jpg,838.90247,490.64542,-363.68073,839.18713,476.98816,-353.8996,841.2198,475.9927,-353.9029,843.3126,475.29868,-354.00464,830.14026,481.57523,-365.65912,825.10535,482.95993,-365.6915,820.0504,484.4789,-365.63776,832.0005,478.98438,-284.68298,801.4397,491.92288,-333.2909,834.516,502.41464,-334.1293,823.0519,506.37527,-347.988,810.08655,518.83966,-211.83371,719.24347,529.48016,-287.5133,796.822,581.5699,-190.18375,620.4247,598.9007,-280.73682,809.7773,632.5106,-199.03476,580.74744,643.927,-284.57013,825.82587,644.90656,-208.19458,567.7866,656.46716,-320.8572,817.19507,644.7998,-228.54788,583.55505,652.05597,-317.1887,803.92584,642.9537,-210.41354,591.7617,648.0342,-289.28656,624.6484,565.10065,21.80417,578.2385,564.3652,-21.599405,578.6521,526.4917,-63.137665,479.78003,529.5512,-148.24626,555.87,616.2299,69.03006,488.60123,624.7862,49.000816,561.1686,618.74176,81.891235,504.489,631.15765,72.18345,534.27325,658.45874,57.64284,460.13852,669.2581,75.8715
image_104.jpg,846.34766,494.3854,-440.3817,851.55365,478.93533,-439.19604,854.42883,476.52124,-439.119,857.4304,474.4303,-439.1284,840.89545,484.9263,-450.7327,836.03546,485.89105,-450.70264,831.105,486.9453,-450.69983,849.2916,471.0536,-390.3186,813.29095,487.38184,-432.80594,840.7703,500.8633,-414.40036,828.82983,504.6438,-426.40997,820.90155,496.98654,-310.2944,715.9073,506.4953,-412.59903,811.7781,563.90704,-224.40219,593.33734,565.9544,-410.7882,819.653,629.60394,-210.75601,504.03802,625.55664,-409.70264,831.8589,637.0146,-225.64548,473.11554,634.0432,-451.06903,824.289,641.2649,-248.18376,488.86255,639.2262,-461.57916,812.6679,641.4204,-222.06085,504.0735,636.0621,-418.74084,636.9434,553.27423,39.770058,592.8789,559.8658,-39.397034,586.0029,587.71484,235.71457,508.34814,578.94165,243.79233,540.59015,627.25586,492.2548,470.08392,620.9507,585.34064,532.6269,626.156,517.21924,468.59216,621.3668,619.2859,536.3676,664.0777,494.51065,447.04715,653.12976,626.92004
image_108.jpg,826.4929,493.9263,-235.35541,831.1423,483.2081,-227.39828,834.41833,482.08554,-227.35788,837.8517,481.18842,-227.36966,819.9983,486.65585,-227.64163,814.956,487.30682,-227.63513,809.8803,488.02158,-227.66086,830.9356,481.86014,-188.17343,793.6559,490.7711,-179.41748,822.47894,501.88474,-219.3821,809.227,503.50375,-216.49565,812.9137,513.3452,-162.80609,704.0559,501.46945,-178.77258,819.9548,578.84515,-184.1175,594.3274,555.8954,-194.58789,821.0747,634.2441,-284.74448,524.7913,623.78674,-204.80392,831.6025,645.91925,-318.17227,499.69638,638.1873,-244.12018,824.6649,642.2087,-337.80737,516.8204,641.4437,-245.99318,814.298,641.2203,-298.8077,530.22577,635.76764,-210.93704,629.1175,568.3727,-8.167393,588.92487,559.3347,8.555106,544.2718,567.0636,17.539707,493.82587,564.9419,213.8852,506.0227,628.0918,151.86682,481.59937,616.73395,533.1612,505.43634,630.21356,163.51529,488.5807,620.938,562.9252,487.59485,664.019,111.74012,450.3225,650.5987,564.62115
image_109.jpg,803.76807,521.3038,-505.3415,811.36414,509.80396,-505.27356,815.1202,508.45114,-505.3253,818.9859,507.36124,-505.44925,800.05786,512.6065,-511.7943,795.45013,512.4366,-511.7007,790.7709,512.4156,-511.62067,815.95044,503.74417,-447.5076,777.9335,509.70648,-464.55142,800.0003,526.6719,-474.78912,787.7247,528.15436,-479.61737,802.1152,515.9589,-357.1917,696.17993,518.4225,-391.05,805.2462,575.36365,-246.33772,604.3182,572.08563,-363.0695,819.71533,631.5727,-228.10767,564.9418,638.486,-348.98236,831.0935,639.37933,-242.87491,545.3191,654.57324,-383.22784,824.4025,642.31604,-268.24072,563.1707,653.7021,-395.2603,812.7379,641.64716,-239.19218,573.71466,646.7163,-359.17865,616.74133,557.341,2.7489767,578.33856,557.00397,-2.3881674,533.905,551.33435,78.112724,498.18658,549.963,164.22742,494.6663,633.47345,293.8699,476.37207,615.9344,483.26672,495.76492,637.3781,317.32465,480.4798,620.40094,515.6115,471.56375,678.57513,307.05884,446.26184,652.0248,534.9715
image_113.jpg,720.86804,621.9834,-591.86273,727.9682,606.20807,-612.1137,733.0948,604.34125,-612.01904,738.4404,602.7615,-611.93,710.1277,607.8058,-621.9066,703.1338,606.1658,-621.88776,696.1614,604.7182,-621.9043,734.8786,585.5582,-555.3533,676.6675,585.83246,-609.9572,716.19635,620.84875,-552.3554,699.8566,621.73773,-568.35583,760.82446,524.52637,-435.71225,603.4424,558.5271,-473.94943,788.7531,524.6752,-238.53778,517.31494,552.3415,-375.8075,818.77106,618.4821,-204.65201,503.788,630.05994,-368.76147,848.0939,629.28906,-227.43881,488.2403,635.23987,-427.2569,830.2381,632.4626,-256.97427,509.09277,635.2202,-443.494,809.49976,631.19244,-218.3979,519.6928,633.76575,-383.12607,614.6252,523.4239,56.36065,543.5627,536.2397,-55.83606,579.9526,541.8199,371.34216,489.93622,569.8627,221.78741,543.8511,581.22864,736.4639,446.2421,598.7416,574.0154,537.89465,575.8051,778.37885,445.4842,596.42004,611.02203,540.2843,620.6804,757.6956,427.25662,638.57184,573.6435
image_114.jpg,1069.5774,564.4904,-841.799,1076.8798,542.5562,-843.25415,1080.8809,541.09735,-843.1373,1084.7966,540.1196,-843.13574,1061.5342,545.41296,-865.19104,1054.7976,544.4791,-865.1739,1047.9156,543.6339,-865.05035,1076.366,531.02185,-740.0662,1026.8333,533.61884,-824.3838,1062.65,571.0328,-790.433,1047.2712,572.3187,-814.75793,1068.7832,542.02515,-621.9733,917.68665,528.2223,-689.1123,1094.5979,576.46246,-660.07446,780.88403,551.4234,-661.19543,1105.0466,625.3689,-841.4008,708.51105,625.31775,-684.522,1120.5309,636.2903,-888.0481,682.67554,641.43756,-734.8019,1106.0009,638.99725,-918.4104,705.40375,643.45667,-740.9469,1088.0188,637.2383,-858.9731,721.5909,639.8202,-692.8729,867.24677,529.72424,54.802593,798.81775,525.4114,-54.54121,809.3014,566.7427,445.93634,735.1637,570.25006,355.5812,755.1877,622.7463,935.9669,675.1012,613.1768,822.5855,755.1089,621.5337,987.84143,674.5796,616.9645,871.5368,730.6607,654.6884,953.71893,642.75726,634.781,836.8169
image_115.jpg,1085.6865,587.06854,-699.2283,1094.7716,571.28143,-710.865,1098.1863,568.6223,-710.66003,1101.5974,566.4209,-710.3455,1080.7004,576.978,-728.4734,1074.61,577.2646,-728.4072,1068.3462,577.6644,-728.4998,1085.0233,555.0609,-634.602,1040.3329,569.0946,-711.718,1068.0825,587.75006,-657.1128,1054.7662,592.6633,-678.9739,1055.0189,524.8463,-442.75714,911.0984,572.0437,-639.30896,1065.0557,544.86395,-340.68967,780.10254,583.339,-539.94855,1110.25,623.0347,-427.73022,727.57654,629.9062,-450.03146,1133.4203,638.81714,-468.86124,701.3723,633.8843,-499.14557,1122.0658,640.5299,-504.84106,721.74493,638.914,-516.21967,1101.9111,638.6918,-447.66434,735.53906,634.9584,-460.7341,836.5876,515.95514,103.063446,768.2584,541.0336,-102.423355,879.82367,578.07886,408.79028,852.89886,631.6722,127.30561,781.2092,589.32367,802.5656,743.1509,604.67505,580.0459,764.00305,578.1144,844.80524,728.7163,596.47546,628.10315,752.38293,637.26624,914.99,704.5818,630.806,710.06396
image_116.jpg,950.6957,609.5197,-768.16003,965.2046,596.1846,-789.7837,973.1211,594.9429,-789.69055,981.10974,594.15875,-789.6144,942.3811,595.38635,-807.6095,934.9071,592.7355,-807.55804,927.3312,590.1933,-807.6171,988.82275,579.54724,-736.8079,917.2338,569.7669,-817.0413,952.196,607.23584,-729.24695,930.7423,606.5327,-752.5799,1031.5559,544.8665,-618.906,845.2804,522.42896,-684.8743,1086.4208,567.3674,-532.4946,745.1232,538.24457,-626.11957,1107.1632,632.6642,-659.45654,718.8739,628.7879,-634.922,1126.223,643.869,-712.5878,698.34985,639.9781,-699.7376,1109.043,640.1177,-751.778,723.3456,639.54,-718.04175,1088.996,636.95013,-679.0692,737.1223,637.8876,-649.14,853.67584,523.6037,67.641525,777.6571,509.1019,-67.48221,829.19604,567.3528,493.33826,746.6974,565.56915,374.75467,779.0164,615.3812,973.3004,686.8573,604.32245,877.84607,773.4559,614.50806,1022.8614,683.82513,605.4276,924.80505,762.3935,651.80316,978.3406,652.21106,649.06036,883.8331
image_117.jpg,871.35016,579.50616,-531.5975,891.38855,583.95386,-536.46246,894.30566,590.2706,-536.4161,897.2265,596.8027,-536.3264,886.19556,564.952,-551.92395,885.97815,556.5426,-551.89014,885.6274,548.21454,-552.1119,902.8165,596.4745,-464.8462,889.4502,527.8219,-525.77905,862.17505,584.5734,-492.4451,856.7542,563.3905,-509.70074,893.12317,583.99445,-300.1322,834.12585,503.69757,-447.78674,837.14014,607.2157,-83.815544,746.56445,531.57947,-355.11783,781.3617,626.993,-31.680176,708.282,591.27094,-337.24005,771.1041,638.4175,-38.911507,691.7721,600.48096,-379.8656,762.35266,638.21844,-65.8407,706.6078,607.1923,-403.24225,762.81274,628.60406,-43.575653,716.4807,604.60925,-352.57767,801.6189,552.6095,51.712875,771.1982,511.83612,-51.21147,778.91174,616.08936,150.50725,751.4401,578.8311,-16.104128,721.3199,614.36127,376.25598,697.81683,612.62976,304.00937,714.5202,607.9452,401.10822,692.04297,612.6671,341.93436,694.73755,627.16345,388.6887,666.64606,651.3451,366.4777
image_118.jpg,1018.7918,619.5361,-635.41156,1029.5831,604.303,-655.50323,1035.5673,603.3831,-655.281,1041.7277,602.8711,-655.17755,1009.6963,603.9149,-667.3092,1002.2749,601.6864,-667.33856,994.8345,599.61615,-667.3089,1038.9,588.3531,-598.9049,974.4143,581.43567,-656.1877,1011.80115,620.32794,-596.9364,992.74176,619.204,-613.0202,1059.9291,538.53424,-464.19135,874.83673,551.77014,-560.78986,1095.1683,538.342,-321.89,752.4421,541.5879,-460.95737,1097.012,632.1784,-380.42804,718.8101,640.6943,-468.33606,1117.2151,648.60596,-429.9466,695.7435,654.3141,-543.57556,1102.4966,643.29816,-466.26532,723.15576,655.3805,-555.40247,1084.4081,639.49274,-403.48514,737.2881,651.56464,-482.24594,848.5523,525.727,73.87809,769.3949,532.23956,-73.498245,820.246,558.9124,480.85034,744.1257,578.22736,337.0957,787.8605,602.39734,933.98346,706.88464,610.31104,793.032,784.8107,598.3593,982.99286,705.56836,606.9257,840.33575,777.5908,640.83777,951.60345,685.64526,652.2875,803.3933
image_119.jpg,1028.4968,661.6358,-718.1664,1035.8556,640.77734,-743.9077,1041.9146,638.57715,-743.6982,1048.3379,636.81433,-743.6135,1013.29224,642.33905,-756.4447,1004.33954,640.1331,-756.41797,995.4884,638.17584,-756.3909,1042.4564,614.7804,-660.8011,968.8742,612.6434,-733.47034,1020.07324,660.40784,-663.60406,1000.1523,661.2849,-684.71606,1078.3202,544.4266,-523.2319,871.87427,560.7531,-576.16736,1093.4679,519.53265,-294.63336,743.75006,523.6818,-455.39612,1099.9763,640.0902,-229.78957,716.50464,647.5337,-480.35507,1128.0546,653.21136,-253.2711,690.54285,656.00995,-556.45435,1107.7626,650.00726,-291.7793,721.37683,657.8423,-577.6075,1085.1866,648.94635,-247.74536,736.3394,656.6025,-496.94324,883.61804,544.72174,82.4435,792.7864,546.9589,-81.662766,826.03815,558.60815,540.8455,734.1827,580.18823,375.26852,775.636,596.4076,1020.387,679.84814,608.5708,849.0461,769.6005,588.3551,1073.7832,674.845,604.2528,897.902,765.6273,645.71783,1019.3075,661.4881,659.06433,833.5635
image_121.jpg,713.6383,523.55273,-920.45337,712.3591,511.523,-949.662,716.66595,506.7334,-949.6863,720.8843,502.2537,-949.4248,697.1589,523.62305,-952.7427,691.2312,526.6287,-952.63336,685.0935,529.4962,-952.68567,710.38153,487.92145,-885.8956,662.28723,526.032,-901.611,709.08655,515.15906,-873.9907,694.96704,528.2551,-878.43774,731.85364,418.28583,-707.09283,609.03687,535.86847,-703.708,810.2465,448.76816,-607.3372,590.54254,558.32324,-615.84406,859.14343,541.50354,-683.03766,578.14594,578.5965,-622.6296,878.5591,558.0714,-745.7145,569.45764,582.61127,-676.57465,859.42535,567.9646,-762.0099,576.60596,578.3905,-703.167,845.99243,565.2221,-692.89526,584.41565,575.18207,-639.1271,614.4434,426.05075,33.499294,556.22363,486.48,-33.606216,592.3906,473.29626,612.31213,500.99292,522.3616,493.13968,543.4521,503.9526,1188.695,461.5464,539.6677,1030.9252,533.9374,500.1397,1254.1302,451.85593,541.1599,1092.4441,548.3048,529.02344,1264.3667,467.74133,553.3992,1086.3319
image_123.jpg,446.73175,393.9132,447.55884,436.36993,401.3001,462.9118,438.58658,401.9945,463.30627,440.83527,402.6633,463.00934,428.46368,399.3732,436.8832,425.14838,398.9831,436.7418,421.96408,398.753,436.7583,438.27643,410.1963,547.01935,420.875,410.19907,408.5415,462.46964,400.07535,468.98502,453.7404,400.68268,424.1775,560.7301,418.88367,470.11398,455.4544,411.58005,210.46478,715.5956,465.02908,548.6315,479.35303,473.37244,-95.84602,847.44293,533.3435,530.6247,446.82175,534.8829,-448.86472,891.2348,552.8522,541.79224,421.91357,562.6659,-526.3295,885.9507,562.2239,499.47607,448.52136,556.9793,-535.194,861.9142,558.4878,514.0731,457.67194,546.9219,-457.99484,761.4376,417.809,92.967636,686.2163,414.84375,-90.21789,924.4363,380.9654,196.03004,848.37256,341.55533,-60.412262,848.23425,487.1148,109.863625,770.6921,425.74792,-103.03565,825.0934,488.0484,90.46654,743.7804,420.39935,-108.29583,837.721,571.03906,46.686554,786.7908,513.5776,-152.80475
image_124.jpg,691.3961,509.2964,-311.88596,703.82764,502.32922,-349.9339,707.1408,498.97937,-349.85367,710.4004,495.93872,-349.74878,693.1212,507.26465,-363.60632,689.5434,507.30228,-363.67252,685.8564,507.3676,-363.48303,705.1644,474.35352,-391.0854,671.5493,489.63177,-458.85556,678.8168,494.97192,-309.01157,670.2557,500.81323,-328.42072,703.24194,389.14282,-300.7093,571.7167,461.3929,-411.0054,694.94965,408.09317,-64.97712,482.98773,487.13123,-317.82312,696.2653,526.9679,6.6869526,485.26477,549.94507,-244.59059,707.8391,550.24475,-9.023352,476.88446,560.2727,-281.78076,698.6682,555.09314,-38.2979,497.02942,556.8051,-293.67618,686.68384,548.4774,-6.4431057,504.6692,551.9701,-252.66814,516.0603,360.30463,70.24016,453.7475,397.7053,-69.885666,510.38525,417.77237,402.4283,440.2562,479.15604,266.7699,463.74854,460.80887,845.54504,403.1519,511.97015,670.0729,450.02087,458.55463,895.7373,391.8663,508.41153,715.2139,478.13382,499.60086,920.57855,412.70117,563.0715,727.7612
image_125.jpg,499.89355,523.77155,-837.163,495.87683,516.535,-863.8294,497.55548,513.3518,-863.60846,499.23294,510.11603,-863.6395,490.66437,522.1716,-856.24304,488.55444,524.60266,-855.98627,486.65393,527.1196,-856.0637,508.4876,496.727,-822.75275,491.60873,522.4467,-788.9624,515.2561,515.468,-805.6227,510.44885,524.54865,-794.50977,600.95496,474.88263,-688.2562,476.79843,487.29974,-645.698,714.60364,516.564,-632.70056,445.8623,531.744,-611.4306,816.5615,580.11536,-658.6516,434.50687,605.42755,-811.4509,853.6707,587.3676,-745.2292,423.0285,630.51276,-880.4656,842.57214,603.3102,-755.5859,431.9129,621.71173,-908.7821,823.79504,601.0258,-672.04584,442.56073,612.82983,-832.16626,672.11426,480.07257,-27.619022,614.0488,479.94754,28.200396,707.6525,486.9826,508.03098,639.5137,488.63077,451.0011,727.1734,494.57584,1011.52155,682.6838,528.3466,962.41095,729.2534,489.63785,1064.2229,683.8804,530.1631,1021.8509,746.2244,524.70374,1056.074,721.8167,563.83936,1050.0542
image_127.jpg,820.3556,500.921,-614.226,828.3843,478.13248,-616.1227,834.3365,475.90173,-616.12134,840.37305,474.0742,-616.12573,809.1771,481.27682,-627.25934,801.1045,480.6325,-627.136,793.06366,480.1542,-627.1021,837.99963,467.15692,-525.5942,774.80316,474.4911,-566.67816,821.8865,510.74316,-567.11194,800.7439,512.9546,-579.0661,841.87866,488.86,-401.59253,692.9843,500.15103,-439.67072,860.35767,545.41974,-305.99677,585.86163,553.4407,-408.16125,873.0348,612.2433,-326.828,525.6467,605.9982,-400.07062,890.874,622.06305,-337.63324,502.463,613.0793,-438.76215,873.88367,630.8728,-361.04602,517.86554,613.5752,-454.5846,855.3171,630.4975,-334.2955,532.62683,612.34314,-411.3037,658.5675,526.8846,22.375374,600.05457,526.0283,-21.99575,595.5621,560.59467,179.26193,516.66327,542.12836,170.49438,536.57904,602.51544,502.22537,473.84537,601.3577,577.7969,530.5812,601.8118,534.43286,477.75455,606.18365,616.6479,521.4238,636.7129,494.68585,442.45316,648.13837,607.0149
image_134.jpg,608.2865,606.63995,-96.413414,605.18646,611.1793,-120.42133,605.5393,613.10846,-120.39994,605.87805,614.86816,-120.41813,603.5615,605.95544,-120.3321,602.702,604.2643,-120.233734,601.87933,602.5032,-120.27191,606.5128,615.2731,-161.46082,600.329,598.7383,-161.3523,610.5039,606.61237,-101.59689,608.7012,601.59467,-101.07431,634.1165,625.18,-121.24199,597.3763,562.0385,-135.69308,671.31036,615.15045,7.0736256,615.30615,533.0619,-26.535812,660.0983,611.11316,102.143326,590.85645,561.1804,76.42292,659.6565,611.63513,109.73644,581.1054,566.1498,83.56035,656.3083,608.6467,103.54715,583.33624,575.53406,89.696625,655.6206,606.06085,102.428314,587.01,573.9077,80.90465,679.14966,570.26825,5.984574,658.0271,536.65204,-5.695579,685.3977,560.95233,213.62572,681.1373,543.3204,196.89714,699.4944,551.597,424.6172,699.13354,548.1575,422.62283,701.643,546.8132,448.54913,704.6731,547.95355,449.2424,695.1527,565.239,473.12616,693.37946,558.4801,480.0125
image_135.jpg,661.7263,590.4297,-117.402664,668.0307,587.5038,-136.94238,670.9977,586.0921,-136.95778,673.8541,584.8474,-136.90416,660.8887,589.97064,-140.69635,658.83673,590.43494,-140.6417,656.7264,590.9313,-140.70154,678.08374,580.4199,-170.60759,655.8887,588.12146,-186.29297,663.7757,587.6299,-121.49089,656.4064,590.67255,-125.700226,690.5356,554.2631,-147.77927,630.9677,595.16974,-163.63014,678.776,557.68774,-71.79992,597.7605,609.49207,-118.5,666.36755,579.3341,-57.403503,600.30566,622.53564,-84.988754,666.8861,582.6405,-63.04091,599.4411,625.6505,-91.220894,661.71875,584.1223,-67.28656,605.2201,622.37463,-91.78557,658.9798,584.47455,-57.39538,607.8239,621.354,-84.51751,624.302,547.0989,12.831889,598.9545,571.6951,-12.539558,603.4354,548.7997,187.40999,590.2653,572.28876,163.80186,584.4988,537.5873,378.82385,578.66693,563.2989,362.6676,580.16626,533.99725,400.17838,574.1726,557.9815,386.34857,591.3454,540.31116,425.1939,587.3653,569.68896,423.7207
image_136.jpg,588.6316,682.3344,-716.10376,594.1523,677.662,-755.31366,598.0715,675.0455,-754.8029,601.9309,672.135,-754.6466,580.76025,680.7803,-751.77765,575.7263,680.12994,-751.36786,570.9217,679.63666,-751.07025,608.166,650.9777,-721.22565,558.60974,659.2099,-696.795,596.94055,663.35925,-679.8394,584.9485,665.25854,-671.27124,680.23285,578.81305,-546.9972,450.12427,592.95734,-543.2487,764.62775,508.57617,-378.5761,382.2614,539.3018,-292.12445,774.07904,628.2629,-349.94113,395.09232,625.6009,-269.2071,783.3417,651.28217,-390.1457,378.9054,648.53815,-293.06168,754.85974,662.35986,-387.26718,389.06433,654.777,-319.97733,745.3174,654.27234,-341.22495,398.5408,650.36676,-272.1645,648.02313,491.05304,-33.011482,541.2512,491.38297,32.632336,632.15204,457.7215,539.3381,550.7228,437.2882,592.999,603.191,419.78812,1084.2484,551.36835,409.24136,1142.9227,602.771,398.8023,1148.2397,552.9021,390.81705,1209.3738,592.57794,477.8791,1218.9092,552.2787,463.8617,1298.3771
image_137.jpg,574.56274,634.22,-45.82955,578.8258,641.80676,-99.53505,584.041,639.665,-99.555984,589.172,637.3032,-99.804016,568.46747,646.46466,-99.96489,563.299,647.7983,-99.92514,558.13403,649.2445,-99.14638,602.6963,624.7156,-204.12872,545.8978,639.4956,-196.2687,583.6754,615.58856,-63.735737,569.04694,622.2871,-59.419792,671.54016,542.36145,-236.042,469.67096,559.86957,-238.82347,773.5483,488.04468,-109.695526,427.50687,506.12418,-92.26372,783.03064,613.0492,-157.11386,406.93542,601.6048,-140.10692,799.15137,632.9776,-174.50569,390.03555,622.43396,-166.23335,772.12317,649.48676,-187.323,409.44595,635.768,-176.93521,759.81445,645.39343,-153.9386,416.92407,631.5452,-141.90355,631.4551,457.70255,-4.4415064,532.7903,458.76215,4.338265,646.4764,418.428,506.18042,552.5275,425.06027,516.8459,619.79736,384.17313,1039.0286,573.84576,401.0817,1046.4747,608.2978,366.19147,1090.3224,582.15155,385.8977,1099.9841,628.9382,434.4306,1159.6063,569.9442,446.98395,1195.7037
image_138.jpg,679.73596,573.6754,-440.0633,679.17065,581.23584,-483.39816,682.2428,583.95215,-483.43567,685.3241,586.31793,-483.36993,669.495,572.9743,-477.71826,665.5548,569.82153,-477.41925,661.6914,566.5333,-477.3457,689.68134,582.872,-528.079,656.52765,555.2592,-508.80017,687.12305,570.8436,-438.12747,676.5951,562.03815,-431.2631,741.1213,581.1264,-414.03183,628.34204,475.31876,-400.2737,806.05896,575.53015,-223.5976,659.5704,436.27396,-165.51668,773.9326,604.29004,-127.68512,655.0263,494.24884,-2.0136104,774.62335,612.82996,-132.83281,644.47217,504.4569,6.327681,763.73236,601.92084,-144.96005,651.7358,514.70483,-8.191238,759.8138,593.9663,-127.17169,658.1125,512.118,-1.2425092,779.6618,509.75168,-8.280936,722.83093,447.37366,8.832532,792.89954,486.17938,419.2587,716.3565,439.80765,430.82004,776.73584,476.7006,876.2701,704.68274,429.94785,875.3688,779.4237,471.80267,929.89496,710.2337,423.99423,927.3428,752.93713,490.33585,968.6309,673.96655,446.78967,953.62695
image_139.jpg,679.56433,566.368,-638.43744,688.2368,565.2345,-694.7251,693.46686,563.4463,-694.62885,698.7936,561.3581,-694.7306,672.85815,564.89056,-684.38995,667.6538,564.40796,-683.99384,662.6685,563.95465,-684.07806,707.7649,546.0031,-741.0531,657.2744,550.4583,-702.0037,688.78064,556.18353,-631.31464,674.4957,559.62933,-617.7451,745.9696,510.8353,-576.8871,599.6145,462.81406,-582.05206,839.5462,500.79242,-406.12982,581.26953,469.2565,-295.1514,821.7847,564.83514,-374.5708,563.1138,570.672,-142.44447,830.4379,573.27246,-427.65292,543.59546,588.6407,-158.13853,812.5956,578.3455,-439.67456,556.081,592.4618,-181.12404,806.0532,573.7752,-382.67627,569.8741,587.35864,-149.31494,765.03723,477.55563,-31.6083,709.59033,448.48633,31.42881,802.3047,446.69193,499.77756,738.33673,450.29306,547.9266,812.09827,424.48065,1060.4637,769.05853,445.45175,1131.5934,816.6504,413.1537,1121.0957,781.3268,440.8582,1194.1301,811.27,435.9434,1114.9119,760.1901,454.86423,1173.3492
image_140.jpg,606.4232,581.35284,-584.954,616.068,571.75946,-621.758,622.65674,572.9764,-621.45917,629.28644,573.9569,-621.53503,599.37006,563.03156,-610.4524,593.6796,558.41833,-610.20746,588.2124,553.9591,-610.1842,646.6086,554.9381,-616.80707,590.0316,531.2349,-573.5585,626.6933,580.4454,-567.9123,609.8199,572.2821,-553.4912,743.92786,535.6762,-442.52927,573.7256,460.86646,-459.2508,845.04504,551.4013,-274.49966,540.9528,474.77036,-213.08556,841.79175,591.51984,-235.46767,522.0416,592.1178,-206.55176,856.0125,595.49115,-254.52667,505.46442,615.11414,-229.07066,848.8001,586.36426,-274.0469,521.7199,618.4476,-257.8732,836.5939,583.16693,-242.19917,535.4175,614.2782,-216.37897,789.7559,521.8647,-27.563915,723.99304,486.36633,27.748116,807.5015,494.28345,400.2048,742.56323,454.0609,413.08417,809.1571,444.35257,803.65466,769.9724,422.6957,826.1157,812.8904,433.1622,852.0322,778.47156,419.76816,879.3226,790.8643,454.47754,890.1896,753.87866,423.086,928.1983
image_141.jpg,681.98914,509.91043,-251.43616,698.4762,502.7493,-295.26883,708.67,499.47626,-295.5561,718.54425,496.197,-295.6942,670.26843,506.11835,-300.7514,660.15436,505.33087,-300.7373,650.0853,504.54086,-300.71332,729.94867,466.12442,-343.99133,633.52264,481.20685,-366.35962,690.8013,488.7711,-247.00723,660.36523,494.89468,-252.55028,801.99634,348.48926,-309.522,528.0506,400.63818,-282.2137,849.4806,214.09544,-72.00149,360.09894,331.67856,-126.44729,867.6958,336.0051,42.87156,398.02313,468.80783,-85.42955,898.27344,370.0981,20.989439,393.07846,514.1127,-115.291916,869.1828,385.29498,16.193134,438.57755,512.76953,-120.92227,844.18854,371.09586,45.41823,446.45483,494.6408,-91.24783,643.9923,232.4536,22.401474,517.46796,260.21158,-22.376953,614.128,188.92168,408.86215,515.65234,213.64626,334.18564,608.4048,136.70316,783.47986,528.7786,155.49396,733.6305,602.8861,110.73651,835.828,523.85016,130.3659,783.2274,628.4236,194.1582,976.2593,551.6468,223.79652,900.89594
image_142.jpg,569.4241,636.0651,-4.0819864,586.354,634.42834,-86.65409,595.78644,632.5827,-86.55527,604.75476,630.7488,-86.68825,562.22076,636.74554,-86.66088,554.35474,636.9531,-86.791016,546.73895,637.04926,-87.26287,626.2423,601.4698,-219.61307,533.61633,614.706,-211.16849,584.18976,615.72235,-16.813658,558.76794,620.50256,-11.351223,683.0301,492.9132,-256.02533,455.6003,496.04172,-263.48233,782.93225,380.43076,-96.627686,348.2104,387.47382,-94.46953,767.71027,525.96735,-211.17917,386.33307,522.0815,-168.57272,791.3361,552.1089,-249.34297,365.95627,548.87317,-206.13315,748.18896,546.52136,-268.4226,406.23755,545.2047,-223.89488,733.12,538.54395,-213.20279,419.98734,537.2106,-177.45923,624.55194,335.60013,-5.979958,536.0438,332.1423,5.991536,611.8904,294.74503,578.4836,555.7728,294.0771,642.4767,603.8266,257.20105,1213.0527,559.6624,249.7328,1239.7622,604.5012,233.42038,1281.4479,556.51514,220.36244,1307.6027,610.8412,289.89542,1359.9635,563.0934,283.40988,1405.4165
image_143.jpg,660.6806,471.6096,-866.05194,648.70795,480.45694,-927.35315,644.0418,477.3273,-927.48083,639.007,473.9638,-927.1581,658.1927,493.69495,-919.6615,659.8339,499.97302,-919.2694,661.63916,505.9535,-919.6323,618.8948,473.4277,-968.26917,656.8417,521.8577,-927.4901,653.6744,458.63602,-851.34406,662.6935,472.0431,-838.2629,593.6968,416.07962,-744.1611,614.3774,501.5474,-758.07916,603.51794,361.3877,-358.10794,665.007,457.1145,-371.2361,638.23456,391.16833,-104.08974,719.5074,497.2379,-117.4186,646.8408,384.13873,-101.81016,734.1328,522.1823,-105.1346,647.3066,406.99454,-107.263794,736.46173,518.9858,-113.92358,643.2516,409.28427,-106.21065,731.36774,504.53943,-115.79308,650.54266,331.23047,-19.719149,663.13,364.29633,21.012863,654.55927,292.1517,589.2115,699.5123,322.90268,663.7464,625.0343,273.8688,1265.8667,694.55005,310.589,1350.8593,613.25806,267.35913,1339.8501,690.9253,305.62866,1429.248,643.17566,272.24094,1337.9456,709.14764,299.93097,1418.8877
image_144.jpg,579.0001,492.13873,-329.56598,592.6685,482.85284,-386.71207,602.19214,478.94708,-386.8388,611.5946,475.39395,-386.76498,565.7798,487.48334,-387.62866,556.6402,487.81464,-387.76135,547.38385,488.16864,-387.9739,622.7849,457.79916,-470.35678,537.06616,473.7907,-484.0948,585.2883,482.02972,-335.73123,559.33594,490.3926,-339.46295,696.52783,383.7521,-446.9186,467.8206,415.2402,-407.36255,752.76154,369.90778,-316.12085,359.4367,393.7483,-305.4773,756.2853,488.98813,-365.12537,358.58313,475.01706,-253.8432,781.8523,512.4171,-405.85785,345.17468,484.87198,-285.4989,757.9369,511.28943,-419.16852,371.34885,480.31665,-309.43915,736.77356,506.15897,-370.66718,382.72586,477.12485,-265.52756,533.63885,336.5121,43.308212,448.22955,358.91116,-43.255173,496.69156,340.99445,438.656,436.78625,364.7767,377.1997,486.48102,340.09085,958.00903,438.52167,350.58224,884.0915,478.23584,326.72748,1016.8769,430.923,335.6248,939.3405,506.94534,381.3707,1063.337,464.8895,394.944,991.46826
image_146.jpg,573.6116,647.0204,-25.093685,589.43964,637.3447,-89.19916,598.89075,633.4408,-89.05663,608.0091,629.5956,-89.03694,560.5107,644.2434,-88.79329,551.75165,645.2378,-89.02634,543.1949,646.0919,-90.06069,625.79767,590.76556,-184.87054,526.5265,618.6967,-181.76874,588.4706,623.673,-27.873613,561.6027,633.28577,-25.585718,685.4088,483.7927,-195.80626,445.3736,503.65198,-190.82849,763.91833,370.96857,-78.18839,334.90973,398.6309,-69.66205,756.16736,527.2009,-208.43384,380.56442,540.2052,-158.18916,781.2487,553.8749,-257.00894,361.0318,571.66223,-203.68866,744.19684,552.1203,-265.49652,398.5434,566.7101,-218.1352,728.2285,542.65424,-208.05296,413.38623,554.7424,-168.05734,615.26135,333.2638,-3.7501035,523.4445,334.03815,3.8458767,602.66547,288.31287,482.07883,539.6851,288.57324,502.31824,592.4496,239.21904,977.19116,547.5603,243.20639,977.1112,589.6215,216.289,1033.3722,544.85474,219.33073,1032.8845,600.4731,274.74673,1096.1611,559.43823,280.0432,1108.3971
image_147.jpg,596.82434,581.3655,-1.5800809,609.2774,588.1508,-89.76948,616.9007,589.44617,-88.95906,624.211,589.94696,-90.058754,582.1109,583.68286,-89.9855,572.9586,582.765,-90.258896,564.948,578.7879,-90.19878,648.3569,568.4546,-227.31592,549.645,547.0442,-201.60713,613.0207,563.35645,-8.123641,588.107,561.01135,0.68972,733.5786,469.40005,-205.52568,493.9892,412.91452,-208.11089,849.65216,383.76434,54.96834,463.27655,336.92648,86.17117,786.40576,517.6836,-40.016247,444.88602,484.3741,-31.049232,810.74915,543.43585,-69.0766,418.28735,496.50555,-68.32924,772.01605,527.14136,-92.01783,450.07037,505.4033,-76.68161,752.8632,523.7185,-37.89284,460.79987,508.54495,-32.68548,708.4976,358.1097,-31.8606,620.9903,334.49762,33.48248,706.7709,330.21957,722.94,620.32086,299.7567,889.7749,702.1838,293.27744,1561.3392,631.2269,273.30933,1700.5651,704.1578,269.6779,1640.5554,646.69257,247.15608,1784.7197,708.1403,339.6655,1687.9741,610.5236,311.34506,1873.6982
image_151.jpg,721.04364,653.47174,-168.71835,730.8783,656.5051,-189.61516,735.1126,655.27167,-189.63805,739.1999,654.09174,-189.74075,721.9286,655.6878,-204.54523,719.8035,654.3328,-204.7062,717.68555,652.8586,-204.73305,751.149,635.8808,-213.37425,721.9651,634.8971,-278.0163,725.3102,635.5673,-165.54276,716.7559,637.22186,-183.2334,799.8131,565.35077,-189.18716,683.8655,548.9152,-264.11578,801.85876,512.5111,-40.0307,602.0273,495.2223,-200.0188,759.31433,548.79755,24.987375,574.81976,577.88727,-148.84836,763.1794,560.6124,15.628012,563.1989,597.3233,-173.18962,752.0324,561.7703,-3.9878776,585.4693,603.97504,-176.27734,745.2993,555.51715,18.515047,591.88776,596.71594,-149.81157,711.35596,437.10025,38.0796,655.00464,433.76334,-38.14219,698.0963,411.76862,349.65332,657.7645,414.64746,277.13077,684.615,383.25116,668.90985,661.83295,375.71973,619.7205,683.5739,371.1586,704.8147,660.99194,361.36877,657.0948,670.62714,407.67642,720.21985,666.23376,396.2816,680.6473
image_155.jpg,639.3358,621.93964,-393.6047,632.4779,624.79974,-416.3847,630.89874,623.01825,-416.33792,629.2852,621.14484,-416.48987,634.0258,627.6211,-399.9018,634.1479,628.4292,-399.75644,634.4325,629.1372,-399.70642,621.9245,609.4838,-427.38446,627.57135,619.7528,-353.80823,637.58307,607.59705,-388.17963,640.6763,610.7154,-365.87885,637.7999,542.81616,-363.7529,609.08856,577.00885,-278.67273,664.1608,518.04175,-413.42035,607.3623,545.66077,-180.39716,670.41327,620.49255,-504.92526,608.2554,590.5407,-120.01636,675.5997,644.8113,-551.164,602.521,602.2171,-124.44963,662.7438,652.85876,-532.4615,608.6331,609.64276,-141.82538,659.94635,643.881,-503.26706,612.6737,604.1487,-127.22782,700.81104,468.47656,-44.05311,687.39435,492.27853,43.94301,729.3727,409.48276,61.92924,738.2513,507.58514,163.81955,694.26825,376.99698,302.09323,705.21576,493.73563,410.6299,683.51025,374.23096,331.79803,694.83044,491.6103,439.31586,707.48834,360.35638,366.89764,720.7776,488.824,482.06952
image_157.jpg,608.9935,618.5554,-305.13025,600.78687,615.09534,-334.75977,600.13556,612.37445,-334.672,599.5121,609.6081,-334.67645,600.91376,617.64996,-314.8067,600.64685,617.8615,-314.68597,600.48315,618.1171,-314.61093,597.93475,589.53973,-378.50488,598.44684,599.9494,-285.60886,614.1465,602.7073,-310.26428,615.6675,606.1696,-282.4953,640.1826,543.22723,-336.17993,589.0238,535.004,-232.05502,706.4898,537.9251,-353.61084,603.7637,520.2167,-140.34021,714.01886,585.3366,-418.03134,607.9497,571.97565,-141.07237,719.8932,589.7759,-456.4178,599.9543,583.8223,-152.1535,707.61194,595.83,-457.2406,604.75977,591.7368,-165.83586,701.36414,594.12115,-421.83658,610.14575,588.0239,-147.0026,723.68835,500.30133,-48.889343,693.5865,492.31662,49.085575,758.5483,498.5735,109.148056,680.75775,496.12555,305.42996,726.0303,492.11914,293.39807,686.8688,481.9573,513.0093,718.7931,488.2795,318.27045,689.651,473.2458,536.01794,720.9966,506.05545,374.43463,687.1544,506.4068,603.7598
image_158.jpg,628.9019,666.633,-355.676,631.3258,662.61975,-378.89908,632.54816,661.4728,-378.82532,633.69165,660.1904,-378.95428,626.6627,663.174,-374.01675,625.16797,663.2157,-373.98654,623.7209,663.10693,-373.93582,638.1603,649.8128,-369.4595,621.2511,652.1949,-348.69937,632.47375,658.93695,-336.66272,628.82043,660.7663,-330.12393,667.8657,604.0188,-267.7679,603.7638,594.1522,-257.57047,708.9895,599.6179,-210.83907,567.812,531.60077,-109.62125,676.93713,673.4331,-238.3349,560.3189,618.7215,-8.314425,681.2402,691.3626,-272.5339,548.43414,633.6133,-10.057763,665.76117,694.698,-267.52365,560.75946,642.4153,-20.693197,662.9639,688.31464,-239.11584,568.6387,636.8174,-9.59149,699.02216,501.125,-27.168324,682.24927,504.23413,27.486298,719.4355,488.762,-122.37319,728.5922,508.9033,-74.65724,734.65247,485.21564,-14.635666,697.56256,431.92114,53.827896,732.51917,483.8712,5.489226,685.9014,423.4197,75.922104,745.3592,506.987,67.55777,702.03955,418.61203,143.78027
image_159.jpg,584.80597,632.6875,-154.31502,580.4435,639.1526,-169.59383,579.9552,638.6652,-169.49603,579.4216,638.03436,-169.47786,580.15216,638.97925,-162.74461,579.7005,639.1858,-162.6637,579.45966,639.3388,-162.79648,576.3281,633.4834,-187.77818,575.98047,634.3961,-154.07063,586.1929,623.9783,-154.32275,587.3459,624.1453,-143.43008,596.8594,582.91547,-131.7816,569.53986,596.60583,-137.18199,588.82635,566.1037,-161.00247,561.5068,553.34143,57.663647,562.5825,619.24615,-260.6374,550.25824,610.56036,271.62842,560.1902,632.901,-293.06177,540.467,626.3618,306.29224,548.2398,632.35474,-290.68896,549.124,635.465,294.02835,546.64514,626.1059,-267.76294,553.86035,631.50836,273.29663,681.1762,513.01074,-7.2567024,678.9608,519.16345,7.65448,704.33777,450.9257,24.087732,743.0454,507.13147,125.566635,668.2125,414.5505,196.07613,720.03784,543.32495,405.95972,666.2615,407.55508,217.7501,713.4051,545.32294,438.13965,663.9177,397.79364,274.80783,738.5414,553.8768,526.24945
image_161.jpg,528.6095,553.77893,-407.05853,526.1062,552.4976,-433.3833,527.99585,550.76227,-433.2318,529.8387,548.8597,-433.4512,521.3781,554.79565,-432.81018,519.6968,555.7513,-432.6804,518.14264,556.8369,-432.37177,534.76276,543.00824,-418.38687,520.75757,553.8723,-420.23224,539.2591,548.3596,-390.34973,534.6973,552.5453,-389.5166,601.47546,532.8119,-294.6526,516.1776,526.2462,-368.7271,665.17957,551.7645,-182.37105,504.32837,531.114,-273.16208,688.32117,601.0318,-133.71844,509.36307,582.8028,-229.25452,703.04114,608.8309,-154.89792,510.98138,602.3169,-219.91524,697.48694,610.1985,-155.5733,526.2379,599.21704,-239.01299,686.02875,605.5049,-140.92862,527.78754,593.74255,-235.82004,701.5514,508.228,41.78849,673.9084,501.38272,-40.67761,826.2091,515.6189,122.48432,774.01074,502.67477,-18.933708,733.7613,566.24396,239.75517,692.787,565.1635,32.861423,707.8871,560.039,253.77197,673.66327,560.466,42.92912,733.02673,628.1617,289.34106,685.02234,614.8051,83.94306
image_162.jpg,565.85156,559.46,-550.5135,569.078,550.89935,-567.02057,572.9916,549.0276,-566.874,576.9036,547.0555,-566.96454,558.7021,553.3869,-558.8856,554.89954,553.3771,-558.71466,551.2484,553.4339,-558.69214,587.1066,532.88385,-538.39716,552.5258,542.62305,-506.1494,580.83777,554.1348,-530.65076,570.1211,557.9768,-520.06067,668.1873,501.34525,-446.4935,546.3487,501.71106,-414.5888,756.4149,510.58255,-382.03845,495.8224,496.70175,-338.92938,774.13354,587.61005,-381.5634,502.32446,568.84955,-411.78546,787.13074,602.579,-422.64523,494.52032,587.7293,-440.70776,770.0742,606.3536,-423.13922,509.14148,590.08093,-452.62692,756.96436,599.43854,-384.0294,513.99524,583.728,-420.59476,734.6111,501.57858,-39.417923,687.318,501.87003,40.181076,772.22504,515.3942,301.85068,700.8276,507.4251,384.01965,728.23425,513.32495,633.7603,704.08435,497.8597,679.0345,717.6199,507.31894,672.6454,700.3789,494.14584,714.31525,708.64264,540.492,711.2934,700.6839,511.39886,754.6188
image_164.jpg,495.98352,670.9317,-701.3037,518.94727,662.32153,-753.744,527.8681,661.53827,-753.5082,536.4768,660.63513,-753.2311,485.03326,652.207,-749.1653,475.29242,647.9467,-748.6755,465.90985,643.74725,-750.22876,558.60504,623.1998,-719.0073,455.96524,602.898,-703.1835,515.7283,657.4645,-652.3591,488.6187,650.79016,-645.68286,637.97876,523.52826,-476.67264,355.12585,478.923,-533.1264,758.704,395.5754,-304.6262,288.64734,372.28253,-249.75488,746.11273,569.1961,-381.28217,290.5571,556.31995,-244.52841,774.8235,598.44385,-437.20184,261.82593,576.35406,-277.15076,742.39,593.76154,-430.61603,286.4314,582.8184,-300.98413,723.4337,583.6982,-369.15454,309.409,578.76404,-249.28397,625.5881,422.22565,-32.895607,523.3878,412.29874,32.420265,617.8164,394.48334,562.97174,534.4072,385.80576,616.53186,637.5918,354.61862,1122.9026,561.33655,357.42844,1163.201,646.9647,332.06448,1187.3707,572.3913,342.5397,1241.0098,624.13324,400.6063,1272.8248,565.19617,392.07333,1320.4327
image_165.jpg,655.23505,354.5832,-128.2773,668.35364,355.58655,-169.2276,672.1022,355.45416,-168.83301,675.6472,355.2352,-168.67569,650.9497,348.1885,-158.28477,645.8868,345.42572,-158.19836,641.0066,342.62076,-159.33984,688.5989,331.62872,-217.35365,635.3348,312.87668,-179.85355,661.9346,339.4918,-128.05737,648.5901,336.16003,-118.3606,735.48004,255.03725,-127.742325,567.9772,202.40668,-124.34656,809.03815,196.99579,-72.12424,506.5503,158.50694,-20.110445,809.1894,290.36368,-140.60997,480.9338,276.5139,-55.995354,832.91534,306.59152,-175.77278,466.6654,286.74832,-77.419075,826.6499,301.91388,-155.94989,485.2478,288.96747,-101.99632,810.1852,298.64914,-131.52972,495.7517,290.40912,-67.244446,757.0954,149.61931,-17.63797,701.5587,138.26903,17.954567,828.3656,200.63123,142.66542,746.9906,169.29236,117.282555,788.5221,214.40343,281.68716,730.2546,187.22926,230.79561,777.1935,211.63312,299.4807,732.31903,181.42361,248.13531,789.6268,252.33514,340.22577,706.9537,215.96474,256.8207
image_166.jpg,659.4973,478.19662,-610.1271,673.209,462.31473,-651.7622,679.17285,460.5816,-651.67065,685.2899,458.71133,-651.58417,651.2228,463.02194,-653.2417,643.81464,460.6315,-653.0796,636.4864,458.51205,-652.9937,692.57935,431.44522,-650.89667,615.12195,432.67706,-660.1159,661.16785,470.2345,-588.11487,642.9764,468.56607,-590.1259,711.73987,373.5583,-513.18585,539.9491,376.4311,-528.89276,790.7746,336.9796,-292.50577,438.17184,362.10312,-359.61685,792.88416,450.2473,-152.611,464.6093,457.21295,-265.1106,813.95685,463.00137,-156.89124,445.74402,470.17093,-281.02023,796.80835,472.87582,-172.27698,468.72644,477.89682,-288.0908,783.93005,470.8693,-155.90834,482.12296,476.259,-267.19998,673.798,421.18262,0.8286956,590.3616,430.40976,-0.65759254,689.7488,430.57825,412.58228,614.5026,429.54855,429.01172,696.5846,423.13153,846.1042,635.3579,430.43494,872.2302,689.71857,409.71524,895.6499,635.9628,417.38074,921.38916,712.35596,451.5366,916.9872,656.0572,456.89233,942.3971
image_167.jpg,643.80774,582.4349,-465.40805,648.93585,577.7003,-482.73468,653.5543,576.8688,-482.80536,658.188,575.9976,-482.92053,634.8661,576.33234,-478.79395,630.1437,575.24695,-478.52756,625.50946,574.1269,-478.4201,666.28015,563.4525,-469.82123,619.44446,561.3688,-446.5407,654.9824,576.4621,-448.92026,641.6986,575.8246,-441.517,723.1714,521.8738,-366.55322,574.6378,507.3095,-349.0606,810.37634,514.38074,-292.79834,526.8299,493.85446,-200.06702,828.1853,569.5941,-276.11896,526.2895,565.2019,-149.81042,843.9363,577.2735,-309.33026,511.53748,578.10034,-172.7806,825.8146,579.3677,-312.0657,526.26434,583.26135,-188.31317,816.53784,577.7476,-275.329,537.8979,579.10284,-153.98097,724.0113,468.932,-30.748714,661.5558,463.3746,30.305376,737.197,452.95932,234.97028,684.6018,467.46512,278.1632,753.0108,425.44672,495.54242,719.584,448.1249,548.6161,755.9713,414.86047,526.8872,725.644,436.60892,583.0761,752.67566,455.86044,570.4771,721.88727,476.32513,628.2823
image_168.jpg,684.96826,591.4379,-458.51178,687.82477,585.1794,-472.68915,691.30615,584.35144,-472.59494,694.67926,583.474,-472.6291,678.2577,584.0832,-468.4302,675.01215,582.7116,-468.31683,671.84503,581.1971,-468.3873,701.35565,567.566,-440.85144,667.30096,564.58655,-416.3239,693.05115,581.2245,-434.7548,683.2006,580.3951,-427.42703,748.95935,520.196,-344.6313,628.6475,521.855,-304.66357,813.42883,509.56436,-227.25175,602.5086,517.7793,-145.27824,834.00867,568.9722,-192.62915,589.9053,573.7729,-82.182175,845.51306,577.3593,-217.96692,576.01917,583.093,-84.34811,828.23975,580.625,-226.03479,587.51733,588.3977,-105.7256,819.0231,576.39764,-195.238,597.18054,584.69995,-87.443535,743.5273,437.46066,-31.474321,685.2068,437.28397,31.70757,757.3181,439.016,291.7058,696.3984,439.34824,354.00635,759.3983,420.67154,627.27203,703.35864,416.35806,683.34076,757.77637,406.89154,666.6117,703.9359,402.6218,725.16956,768.08777,460.2285,702.3982,717.79517,451.5496,767.8833
image_169.jpg,614.17505,552.4256,-245.89536,625.1508,544.2505,-281.17963,632.1803,543.0337,-281.2301,639.08704,541.7466,-281.43948,604.9255,543.0252,-283.50836,598.6606,541.6142,-283.70676,592.49774,540.16675,-283.8581,654.52075,520.03,-317.454,584.6076,518.7351,-323.95602,626.48083,542.7286,-242.11679,607.85547,543.22363,-243.98253,702.06885,444.5834,-281.907,552.9949,436.5536,-307.0263,802.7484,381.3715,-197.4131,459.75592,365.85425,-212.10777,777.37866,476.97473,-151.16724,478.72784,467.35736,-163.12631,788.33185,498.2269,-182.11053,466.2603,488.26547,-188.58696,763.601,498.7435,-185.81012,490.25854,492.88077,-192.4411,755.6112,489.7511,-152.86807,499.65308,483.7967,-163.67557,667.2315,324.5442,7.633379,613.03284,321.34528,-8.391651,664.69446,275.99506,295.4557,627.1632,276.44296,294.69678,655.75995,234.5513,606.3851,635.99146,233.43155,607.3089,654.8176,218.81163,643.5045,640.2384,217.92064,645.3097,646.3893,273.8966,695.0863,641.3386,267.02225,710.1376
image_170.jpg,587.29486,528.82666,-508.97443,589.905,528.1259,-543.2128,593.17664,527.5252,-543.1001,596.4643,526.7944,-543.24207,579.3328,526.4587,-535.73254,575.2866,525.3106,-535.415,571.5213,524.213,-535.4196,601.7842,516.248,-562.8244,568.18774,515.2509,-533.403,597.6812,524.4643,-501.1078,587.77704,523.5097,-491.30063,650.56946,479.42822,-454.2737,542.4321,466.3482,-438.72278,703.8599,457.12485,-355.70865,511.01868,465.6177,-220.59656,709.95105,527.36206,-303.35974,507.0932,533.5829,-112.36508,721.73737,536.5404,-323.04642,498.11203,546.7058,-118.63831,706.67145,545.3497,-333.9403,505.47946,548.59906,-129.85011,697.3595,542.10913,-307.1912,513.59564,543.8778,-112.325226,678.14514,468.8933,-34.036816,628.65076,458.81348,33.50496,698.68787,456.38263,396.33484,620.55225,452.02295,451.04175,700.6402,447.73944,847.3278,605.62067,441.8266,902.08344,702.17926,439.29486,895.1841,609.26935,438.88046,953.8646,701.7632,471.54608,895.41876,593.19635,461.26605,953.05164
image_171.jpg,493.81384,526.6908,-163.50699,491.04977,525.14496,-173.35692,494.3655,524.894,-173.09784,497.62903,524.5206,-173.15901,481.82635,524.69293,-176.74834,478.30682,524.796,-176.69868,474.94476,524.97345,-176.54898,503.7265,526.16846,-143.68427,474.16498,525.5287,-161.6983,505.9468,528.7301,-145.2079,495.64172,530.09283,-150.07489,567.9882,528.2237,-77.41392,489.30527,517.5872,-126.289635,651.99927,559.18195,-0.20726025,525.3633,521.7165,-101.10365,687.774,591.2007,52.568596,535.2175,545.8399,-126.12389,704.04663,595.03796,39.234818,537.6165,554.0032,-113.614586,698.5367,595.2395,46.641064,544.3755,553.74615,-121.877045,687.9504,592.7233,52.02243,544.4777,552.7886,-126.52908,659.6764,497.75864,27.137905,623.89026,486.9913,-25.836342,764.89026,486.31396,134.30621,707.4662,484.76663,28.830875,722.7857,542.4456,178.60359,677.71484,538.74255,26.140385,705.0553,545.8644,185.1673,664.2343,540.3415,29.62437,722.72864,587.5985,206.81078,683.12994,579.5384,64.40644
image_172.jpg,843.8209,156.7279,-550.0555,855.45544,140.69568,-564.4557,863.87134,138.40352,-564.63007,872.412,136.45453,-564.60315,832.9107,143.35431,-567.3463,824.90955,142.80988,-567.1844,816.8536,142.42369,-567.21564,883.13916,131.47652,-527.1154,808.5613,136.49072,-530.87103,853.9313,162.35446,-523.8643,829.16736,166.52739,-524.3909,906.65784,146.3277,-407.2778,769.1406,138.56238,-397.41183,957.855,179.51738,-158.11876,707.91785,165.10869,-281.64172,942.7352,229.94087,-2.3202677,684.5853,217.62512,-220.02916,949.5471,238.59224,19.74347,665.48254,230.36557,-224.22873,932.301,253.5305,10.844388,680.3515,230.53268,-244.05405,920.84326,252.83112,1.8787086,693.6492,227.33296,-227.43655,790.69727,194.36356,19.947237,738.6344,179.72992,-19.482328,764.48083,181.93349,306.01065,690.72534,188.61438,286.43085,761.69006,182.26868,636.2762,664.1492,185.49614,622.91724,755.626,175.60573,671.43823,659.12775,181.02734,660.7462,764.1792,195.87688,679.7202,650.31976,217.52644,670.7281
image_173.jpg,796.5117,564.2866,-447.22623,806.3538,554.43555,-452.04504,811.04065,553.12744,-452.1298,815.7812,552.0796,-452.16888,793.4794,554.4045,-460.6806,788.99854,553.10297,-460.64334,784.41626,551.84344,-460.70258,819.58466,543.1716,-408.77823,778.2446,540.0663,-446.30527,798.15344,563.48895,-422.7516,784.899,563.8108,-433.0251,836.5491,529.3416,-338.89313,726.9031,513.5681,-344.82886,863.4329,544.0419,-213.77777,660.63464,510.4149,-305.8122,856.78735,572.00287,-196.83752,653.6319,559.12384,-297.7438,865.5042,577.11475,-208.03082,646.23193,569.6861,-316.01843,853.3883,583.41315,-219.69969,661.9292,569.92004,-328.65903,842.1075,582.879,-200.53625,668.69434,566.6335,-305.09763,729.8968,531.24854,28.718794,688.0005,521.9169,-28.680954,711.46234,518.56604,311.0706,664.07983,523.5418,246.8422,715.0916,516.52014,588.54,673.8348,522.0467,534.59515,716.6909,510.194,619.5894,678.0868,517.0262,568.44196,715.3181,529.95764,626.8955,669.02985,541.25366,584.1996
image_174.jpg,664.77405,595.3324,-350.93228,684.77716,589.7233,-360.97058,687.1262,590.7978,-360.7762,689.4614,592.14886,-360.79013,678.8844,582.6626,-383.76825,677.62213,577.5645,-383.79077,676.1542,572.5419,-383.79236,688.3249,574.4019,-302.88043,670.4204,546.52057,-400.76068,650.78613,587.62573,-312.87027,645.86414,578.60144,-340.983,656.9278,515.36755,-200.83524,586.0861,504.3249,-308.6891,668.7561,488.93167,58.569794,469.785,449.55588,-171.47299,717.9883,561.23004,199.95572,470.00037,557.3206,-37.177414,733.6197,576.4965,197.75497,460.13,580.88135,-41.557808,730.85724,581.96063,175.51324,478.52167,592.34686,-36.381115,718.54846,575.538,191.66696,481.80206,584.5998,-31.937273,386.45737,490.44366,51.88578,360.33276,489.55762,-51.46482,316.39874,485.4123,351.3828,294.44858,503.5085,260.3134,254.26146,481.59204,681.2628,242.00073,498.76978,594.0309,241.65646,468.2859,717.8295,232.48305,486.3531,630.79205,236.511,506.82574,718.6738,222.62682,539.60876,622.8617
image_175.jpg,574.4086,634.1954,-305.8962,594.452,646.85736,-310.09546,594.0841,651.8091,-310.00888,593.7064,656.8686,-309.94824,598.7959,631.046,-339.37436,602.8547,623.3143,-339.4383,606.68365,615.5743,-339.6289,601.72235,644.06067,-231.98402,619.79315,585.5686,-365.38562,562.11554,622.89435,-260.94754,570.1598,604.35583,-299.09164,591.5518,580.377,-105.58784,572.05884,497.94366,-343.5393,617.2184,567.84796,86.37436,470.72128,420.55176,-366.36816,695.4401,590.3128,144.28204,479.84155,580.42316,-373.11334,713.15094,592.5544,125.963455,472.23114,619.36005,-404.01077,717.6886,600.79944,111.39574,494.49707,633.81866,-387.75793,707.67847,596.32715,135.19286,494.94604,620.05817,-363.1694,328.93,530.0133,78.802795,316.8623,482.40555,-78.49352,198.85709,546.49884,241.2337,134.68213,506.12396,33.198067,79.69026,483.25775,476.4176,94.06326,520.51526,392.22092,68.63878,460.89645,500.98846,98.42955,515.93134,434.4882,12.092228,481.33167,477.80835,32.14897,543.1165,462.8994
image_176.jpg,575.453,526.1277,-464.6252,577.0885,519.9339,-477.66068,579.21606,517.70026,-477.45392,581.2931,515.29065,-477.58667,571.6707,524.37085,-477.21756,569.661,525.83344,-477.03625,567.7611,527.3381,-476.9699,587.9354,506.63174,-438.88757,569.7327,525.2064,-438.5602,587.20056,522.69025,-441.26685,581.6224,528.16266,-440.17825,642.67676,492.11734,-338.24557,558.1693,505.64047,-348.14032,710.63403,524.07983,-253.73508,520.6058,523.7116,-248.47421,749.2317,581.3152,-246.45087,515.64435,582.2309,-260.77417,764.93134,589.75757,-271.93,507.82532,601.06134,-272.69965,755.5075,594.43164,-281.21286,517.8688,600.35364,-287.9753,745.56146,590.77136,-252.09341,524.06506,594.9637,-268.942,705.9626,492.77625,1.5239146,676.1034,503.97562,-0.8252478,761.6194,496.6493,227.55215,719.1996,487.94824,137.18846,708.4374,536.22266,437.9378,693.49084,538.6574,327.63892,694.378,532.8485,464.73358,683.67944,541.8908,353.51508,698.9335,584.6173,528.4897,698.3447,567.06354,420.44012
image_177.jpg,493.01233,547.56665,-136.09482,488.7918,547.3823,-152.55093,490.3274,547.32935,-152.48593,491.84485,547.1155,-152.80795,484.81134,545.4421,-153.11658,483.50598,544.95966,-152.88045,482.2395,544.5638,-152.469,497.09192,544.72565,-159.4364,485.09433,540.3268,-165.85818,502.7449,545.39264,-130.83517,498.5956,546.1693,-131.90822,569.73334,537.1936,-125.084984,501.95105,518.8991,-150.15063,670.20416,553.1697,-99.81735,522.80585,517.7526,-87.320854,737.0007,581.8992,-83.56293,538.7883,555.94904,-24.011621,760.75385,584.3588,-94.322296,540.9903,567.08484,-8.079744,762.12286,588.74713,-96.963585,553.261,572.20294,-19.5106,748.6865,585.59155,-84.55422,555.35535,570.6778,-25.26268,684.9301,514.4373,27.607025,664.37006,501.5734,-26.612146,777.35504,505.26865,49.93279,760.8517,493.36407,-43.233265,708.1832,555.11176,113.14494,696.8219,555.6426,18.389572,691.08374,552.8439,120.808525,681.85724,558.7751,28.09947,703.093,603.0062,147.42886,695.83997,593.4667,67.69619
image_178.jpg,528.5118,545.7765,-150.26346,525.5819,548.2155,-172.09381,526.33777,547.1506,-172.02422,527.0841,545.9065,-172.2883,523.5947,549.69,-175.84903,522.91473,550.7273,-175.68073,522.26245,551.8442,-175.49269,527.87604,543.8059,-176.80635,522.3343,551.23083,-199.29398,532.9849,540.2822,-146.93837,531.5683,544.9543,-152.12756,576.63293,531.72156,-129.94759,518.8449,526.3284,-196.34222,649.77563,556.93414,-89.550064,524.39215,524.64044,-142.51537,683.61523,597.9464,-72.59508,510.97925,571.5988,-111.48183,701.71906,605.38934,-89.50443,511.21588,585.1472,-94.094604,701.208,605.01886,-80.299065,522.05743,586.457,-115.702805,689.86395,601.0524,-73.20023,523.3987,581.0926,-116.67883,679.946,503.96567,34.472664,660.22675,496.01245,-33.491108,814.852,508.92593,23.56879,754.5993,494.48935,-42.52953,696.63214,563.16693,102.34642,680.13434,561.4183,-6.190563,670.45404,551.9158,114.24411,667.1793,555.311,1.7580554,685.46313,624.9124,169.78706,671.20557,606.105,48.2255
image_179.jpg,484.1029,518.14685,182.45903,477.57562,520.0187,179.33609,478.103,520.60443,179.41098,478.60345,520.9523,179.16946,476.08197,518.62476,165.40204,475.1767,518.3142,165.55305,474.2844,518.1224,165.76404,480.54938,521.9848,184.81949,475.4404,518.8799,126.579025,492.06924,517.8718,187.5158,490.11694,517.5549,170.58371,540.27966,526.2735,200.61673,496.24268,504.62146,53.744453,623.382,552.29767,232.72185,488.1238,530.5774,19.498274,679.4155,575.7383,303.90634,492.85083,576.1124,3.0473933,696.526,582.4616,324.13214,490.74387,592.2863,4.4929833,695.05927,584.25464,317.6679,503.2965,590.62354,19.903585,686.46655,580.80914,304.18137,506.4194,585.2053,10.91482,665.56464,511.70367,63.66668,654.06256,498.50412,-62.578384,785.6373,497.64114,70.22902,761.81085,494.22614,-82.60291,692.5314,554.67474,95.159996,688.1073,550.25256,-60.57102,667.2338,549.43475,97.05687,668.8376,546.10583,-57.804874,687.6052,605.0356,124.336395,690.9893,597.41797,-35.573643
image_180.jpg,505.04016,532.8204,190.75377,501.47327,535.06683,180.6276,502.61337,535.5823,180.68027,503.73105,535.9195,180.43118,498.5987,533.08057,167.93048,497.49426,532.42773,168.0478,496.43677,531.976,168.3114,507.0279,533.6244,150.2309,497.62454,528.82263,94.12476,511.60437,530.0349,181.6986,508.8819,529.6448,165.68701,565.2371,529.31616,140.091,504.0945,502.0262,14.663577,660.88776,547.41296,141.88145,502.78732,513.43256,18.187946,734.7567,570.43536,139.49243,503.40936,555.71423,31.694252,758.8733,574.59814,138.49535,499.2331,567.9532,49.437984,756.6157,580.3387,138.22745,510.05927,569.50104,57.64843,743.7284,577.7,139.51395,515.0699,566.0721,39.76541,673.1737,508.14758,51.3155,653.2266,489.93967,-49.90913,769.70764,511.7251,80.40024,762.916,478.14536,-58.661278,692.7908,554.17444,57.75593,681.74133,547.98615,-99.963104,675.05365,546.71606,53.368134,660.7811,548.31244,-103.68771,683.6372,595.0248,79.411026,684.0851,596.2606,-79.384834
image_181.jpg,623.0403,589.026,-239.44511,622.48804,590.22363,-268.178,624.38464,589.53973,-267.9855,626.2112,588.76324,-268.08325,619.37555,590.94977,-263.77615,617.39795,590.85706,-263.5896,615.3892,590.80634,-263.04422,631.72253,581.655,-280.00366,607.9803,583.57623,-252.74408,627.29443,580.38916,-228.70186,621.8637,581.22784,-219.98802,664.8905,542.19763,-237.08026,572.4271,543.5226,-221.21873,695.6571,515.7752,-160.52254,557.261,520.0432,-87.45297,698.8158,577.0445,-202.09915,558.9368,574.6936,-90.54577,702.1483,586.8662,-220.11139,552.1088,585.5148,-100.03912,689.4294,588.95355,-224.61075,563.2634,589.6973,-112.984695,684.77673,587.6108,-203.8894,567.1589,588.91364,-93.21125,643.27014,501.56052,-9.899585,602.34607,501.28757,9.482585,637.05664,450.86362,236.39313,606.87897,453.988,226.59573,631.5954,418.74963,528.90356,602.5233,412.40637,462.44177,629.5542,406.0826,557.1763,604.0244,398.1223,487.1731,627.5487,434.9311,631.37946,609.2255,429.15918,562.8417
image_182.jpg,623.0363,561.17737,-132.0658,622.4248,561.32635,-160.97598,621.5709,560.76587,-160.94217,620.6743,560.1937,-160.97298,622.8008,563.74414,-150.94954,623.05756,564.80194,-151.07166,623.0833,565.5627,-151.07443,618.6529,563.4782,-189.21037,622.4767,570.0089,-150.86302,621.9346,562.9327,-132.05222,623.3442,564.69226,-120.70606,604.50433,570.0161,-133.44588,637.7168,571.3455,-121.56377,620.57275,560.4245,-37.10465,642.4451,542.8769,-191.49947,636.6222,564.94415,73.15635,643.2053,569.02875,-221.71103,637.8722,572.13617,108.38736,642.1405,579.8685,-226.90092,635.2965,569.04004,109.292336,645.6155,578.16693,-218.17259,637.8844,565.6238,80.44623,644.8626,574.6622,-221.7354,610.9085,529.45276,-10.460489,627.58514,523.3139,11.014801,606.52637,545.5391,160.28969,618.5781,506.93335,140.42831,604.3182,550.4726,192.2995,622.37665,514.9313,140.53099,606.5056,549.0891,205.91132,625.3754,517.2961,145.88899,598.7882,558.83453,246.50098,624.8316,517.3582,181.82793
image_184.jpg,625.9048,610.97015,-198.28294,631.69165,611.7556,-218.2984,634.92834,611.2003,-218.41415,637.96954,610.68036,-218.416,623.6928,611.0364,-224.0407,621.277,610.109,-224.16989,618.86926,609.08295,-224.28305,644.6101,598.799,-232.18481,617.00793,597.0466,-259.90726,629.62494,601.97864,-194.39842,622.0885,601.9936,-201.4719,672.51556,560.42706,-194.54338,595.6747,548.3336,-214.67116,691.5956,529.79236,-60.917038,546.2361,506.80362,-134.2024,693.83484,571.13025,-26.173893,549.797,569.74084,-77.13695,701.1543,579.761,-39.640724,545.0348,583.868,-84.836655,696.89056,583.61475,-44.848267,561.6432,589.2772,-93.810005,691.466,579.534,-27.768547,564.3966,585.47473,-79.45213,636.8609,481.06805,25.166462,597.34375,477.2754,-25.122746,631.2519,445.68344,254.40778,600.21124,434.36276,204.57664,630.1643,417.1667,506.74594,606.75525,401.9049,454.53473,630.97784,406.89258,536.94006,608.18726,392.22662,483.5936,623.5456,427.82483,565.9606,604.3961,409.53943,506.5465
image_185.jpg,631.19714,615.6989,-147.4499,637.64667,616.179,-172.06042,641.1294,615.712,-172.0355,644.53015,615.31104,-172.05765,628.9589,614.2539,-177.86652,626.1974,612.86835,-178.04791,623.41785,611.40515,-178.0806,650.32336,604.0447,-199.5886,620.431,598.6789,-237.34901,632.01483,607.4379,-148.16628,623.9576,606.5745,-157.32756,684.5954,563.6713,-182.50613,595.2053,546.32996,-231.91864,706.1249,524.8347,-36.7539,548.83264,503.41205,-110.27042,691.7633,575.35065,45.814835,547.0535,567.5479,-25.625914,698.2415,585.7574,47.35939,542.63794,576.5458,-16.344412,696.9971,586.0876,38.389954,559.16473,583.27057,-24.573296,691.8295,580.9895,51.820065,561.0621,580.8445,-11.599797,630.4679,485.0183,39.30063,591.2606,481.20547,-39.37646,625.62976,451.3421,307.31677,594.2826,437.8641,216.08481,631.96515,421.34818,625.0164,603.4251,398.88354,516.57117,631.895,410.73907,658.8452,604.2594,388.42618,552.53284,628.4481,439.83597,678.999,604.27,408.33215,560.8511
image_186.jpg,689.04236,476.63284,-533.3996,702.94653,467.7353,-553.8992,707.992,465.54758,-553.8892,712.9884,463.66608,-553.74524,688.94727,468.7136,-571.21344,684.58093,467.1354,-571.19525,680.1059,465.6402,-571.2412,717.0829,445.60144,-527.0897,673.1066,447.07898,-610.9384,687.50116,468.48166,-507.71194,674.527,469.49292,-531.1009,733.084,400.57898,-422.38794,605.2996,400.4491,-529.4419,760.53644,393.143,-214.70444,518.4923,382.9849,-459.99878,784.9677,460.94067,-121.96037,526.6415,468.1919,-448.09476,803.4935,471.89825,-139.59071,519.88837,482.5812,-488.25378,793.1467,473.62787,-162.27174,540.40765,485.82428,-491.07394,780.68555,470.67746,-130.52324,547.05817,482.3648,-450.21112,600.3583,386.35748,61.96443,550.56683,388.78513,-61.800293,575.1794,385.242,477.77878,530.1775,383.6125,355.0442,551.6307,368.1193,929.3127,524.5426,364.58786,803.6524,548.4015,357.48856,979.0354,523.47296,354.3874,852.7265,548.72974,386.49857,999.6723,521.9081,388.40494,875.8056
image_187.jpg,678.1829,477.1182,-649.15375,692.4407,468.20178,-651.28564,697.4978,467.53976,-651.318,702.42957,467.1906,-651.20496,679.3135,464.7674,-674.6799,675.18835,461.308,-674.6573,670.9502,457.95294,-674.77167,703.1538,450.30194,-572.4193,662.23114,436.66998,-676.3478,673.1488,470.8429,-607.69025,659.8157,467.5022,-636.54285,706.499,410.70667,-448.84323,592.2458,398.6178,-564.78174,731.22156,431.94504,-267.14304,516.8043,401.65497,-524.87146,756.3037,479.94766,-251.82478,527.31757,472.6496,-548.913,774.90137,491.0181,-284.32712,523.1365,487.00595,-596.0583,763.7717,493.5504,-306.0745,540.51385,489.34677,-610.87134,751.22595,490.30386,-262.8083,546.5641,484.86523,-558.6421,581.4576,393.56067,60.782394,533.9603,390.66345,-60.45445,575.75006,396.18878,477.31052,538.6659,390.99268,337.04706,570.9768,392.5206,939.61847,541.1633,377.79657,790.23987,569.0089,381.86658,991.53296,539.7957,370.70755,840.3994,576.4218,418.54117,1017.439,544.982,402.31735,862.5674
image_188.jpg,408.85776,401.79407,-50.454613,399.7174,391.59845,-76.03473,400.5166,389.74927,-75.87242,401.36542,387.7521,-76.03286,398.79105,391.4679,-41.595573,398.6505,390.76697,-41.644142,398.73938,389.99765,-41.57173,412.90826,380.28635,-143.74074,409.0902,380.15726,9.556187,426.00925,400.55276,-69.001396,424.0656,403.1652,-24.397058,486.96527,401.95142,-207.20972,490.2918,362.2993,103.8833,581.7799,405.0093,-316.3097,539.79016,408.05692,239.14491,630.2201,428.99802,-344.37433,521.1874,478.657,351.60904,645.371,432.49606,-368.97986,515.2084,496.21237,380.98364,639.8101,439.81818,-356.22318,510.50653,501.58865,357.6442,635.6968,435.80463,-338.31802,515.2263,500.29575,344.08328,695.5615,430.06845,-74.66453,696.8026,392.8991,75.066635,790.9126,442.76962,109.35252,767.7339,341.23892,220.21538,820.18066,461.4475,338.101,805.9929,394.8084,363.57327,823.71533,457.24445,365.81924,806.5499,398.73462,381.68317,833.1361,495.55566,435.23187,833.4971,425.65463,451.54208
image_189.jpg,626.39307,450.348,-389.17453,639.42194,455.8458,-404.9787,641.18677,458.81253,-404.9212,642.919,461.99213,-404.80823,636.4348,446.65363,-415.79913,636.71936,442.66916,-415.79773,636.87115,438.72168,-415.9704,647.28186,461.29303,-378.0518,641.6413,427.84915,-425.87143,621.3645,449.58307,-367.14,618.82336,440.41336,-380.415,648.7194,439.04297,-244.35194,595.474,399.012,-383.1372,600.5283,458.4767,-56.24039,525.2353,409.01752,-305.1868,568.02924,480.23303,-66.5292,523.82764,470.88986,-237.67163,564.5208,489.6311,-79.91568,516.4442,489.68713,-257.3205,555.2964,495.02505,-106.115845,532.0444,488.24487,-274.85785,553.1725,488.26727,-79.03823,536.973,481.117,-246.70593,569.13885,407.27594,53.30728,536.79645,391.55325,-52.99477,565.2888,465.6761,252.77846,534.0472,469.4676,65.02971,548.31213,474.6477,444.28754,528.8292,485.89532,303.85742,545.2766,467.70444,466.99036,527.7552,480.01157,333.33786,543.1801,496.43268,498.55405,525.70013,510.95477,378.94183
image_193.jpg,655.0425,331.10464,-119.36955,662.7884,332.04468,-147.88118,667.25397,331.6918,-147.9062,671.5963,331.2442,-148.06679,648.1283,330.3264,-137.0202,642.46045,328.54688,-136.90637,636.8491,326.7223,-136.9083,674.6009,312.929,-218.22939,625.06256,306.93167,-170.21585,659.0863,314.7965,-137.1184,644.4158,313.30444,-122.6691,717.5141,245.57501,-196.81491,554.2564,242.8323,-157.25397,791.2207,211.67204,-113.30373,501.43152,214.47128,-71.616905,794.39746,261.40964,-82.678024,475.04968,276.65753,-67.18629,803.98193,268.75723,-102.34541,456.48218,291.163,-93.71979,789.5045,274.7952,-107.246185,471.19727,300.28976,-100.06606,781.1651,271.14844,-82.989685,482.37598,292.70737,-73.283295,694.2346,145.52226,-15.375543,621.0855,138.92398,15.5886755,716.6144,140.28448,205.01549,620.64856,124.82069,224.36499,691.4385,115.26808,436.39786,622.15216,101.86003,457.27872,687.9845,102.92553,463.87506,623.0748,89.877205,484.11176,685.5497,143.82146,493.20953,608.3631,130.5218,501.53702
image_194.jpg,481.1882,511.20587,207.71799,475.81903,516.8224,206.48917,477.25378,517.86066,206.50734,478.6795,518.72015,206.22339,472.51434,515.0709,187.1153,471.1841,514.75275,187.21123,469.8828,514.6266,187.56639,482.98987,522.7815,222.06998,472.34723,518.5632,137.8837,490.5912,510.8365,213.54495,486.93475,510.4586,189.66035,538.6733,540.3199,220.51776,490.80133,503.86588,42.53196,582.6106,566.8385,197.6987,476.15363,525.36945,-80.02309,611.7419,570.1068,178.58925,478.32495,577.3115,-222.05748,622.1986,574.0696,171.19139,475.87213,598.77454,-221.7769,622.23315,574.7634,177.26935,490.1578,591.65894,-222.28407,616.3108,571.88934,177.9689,493.62158,583.5502,-220.97897,661.5471,522.5676,79.01789,650.686,494.7157,-77.563255,809.17816,516.2406,58.19489,800.90485,504.1708,-113.168365,707.80566,551.8426,111.89746,705.04297,559.834,-114.478165,685.40576,536.79895,114.39239,682.6611,547.8092,-113.83614,688.6498,596.9015,141.78397,701.30725,615.17694,-100.69812
image_195.jpg,576.4761,595.8177,-856.7685,583.4994,584.95355,-872.6279,588.99194,584.80634,-872.48474,594.5197,584.6035,-872.52844,568.46136,579.89966,-871.6836,563.5657,576.5112,-871.1146,558.82996,573.0613,-870.8458,606.754,565.0156,-781.3602,553.997,549.65674,-775.1511,589.9723,587.44366,-808.15857,577.1204,582.4924,-805.076,694.1498,526.55365,-580.1681,485.09845,473.03894,-615.6303,798.969,481.36743,-461.82227,404.18973,456.0639,-409.76257,847.1906,559.5681,-421.91043,418.5586,551.7241,-289.20782,868.1255,567.1765,-467.22852,406.34973,568.3674,-289.89993,850.22284,570.59344,-460.32587,422.539,570.7103,-314.2965,838.3002,564.34045,-416.23962,436.65604,567.42126,-290.66623,713.61804,438.40613,-15.601436,613.578,411.58282,14.94472,735.3541,424.38388,495.57895,595.01807,402.53027,403.3324,761.61896,403.80447,990.6955,612.9345,387.976,888.94116,771.96094,389.51794,1045.5231,625.2167,379.4107,946.2749,752.2084,433.66287,1119.7573,606.1991,419.62616,1029.5256
image_196.jpg,593.8784,623.5762,-983.6251,609.55145,605.7451,-1006.883,616.6912,606.2417,-1007.0163,623.74854,606.66266,-1007.0702,590.57245,596.92615,-1007.7444,584.89764,591.6003,-1007.5274,579.4146,586.2578,-1007.2123,641.3102,581.63654,-885.551,573.6343,553.0687,-881.9895,606.72205,617.48694,-918.7149,590.2184,607.62695,-915.8692,716.2262,522.4164,-657.3664,504.70612,482.25546,-690.60114,831.7119,466.9137,-462.28195,389.6543,428.81317,-402.8847,842.73956,565.1058,-350.9811,416.3346,566.1397,-230.75462,859.2805,580.9184,-376.43182,399.90692,589.5387,-216.45708,834.36304,578.45483,-368.20343,421.8427,589.98456,-240.93813,825.5142,567.5732,-338.1554,437.5606,581.91254,-227.56473,698.80383,431.62198,-13.046564,610.9247,431.4187,11.788071,724.4531,407.89893,471.57593,630.5634,413.79706,445.96216,730.8041,374.07568,950.0032,651.5295,378.8291,950.0306,740.64197,357.6595,1008.2635,661.6853,361.61972,1015.74133,712.77234,421.34946,1098.0532,647.7499,424.26306,1138.0673
image_197.jpg,604.68634,669.9599,-958.7533,619.36755,653.1831,-986.3789,627.2576,653.73846,-986.8134,635.00793,654.1895,-986.8303,596.12103,643.38916,-987.55383,588.9226,637.2968,-987.8192,581.8493,631.21625,-987.8791,653.22876,620.60223,-875.63074,570.25696,589.4243,-876.7408,615.87354,659.3069,-893.92896,595.6352,649.0118,-891.99286,727.8966,541.452,-655.6411,491.21967,511.37405,-673.7113,845.1432,471.97437,-408.02637,397.5959,438.02066,-363.76733,834.8569,570.88855,-254.88785,420.72168,576.3762,-226.25677,851.062,586.8316,-261.2422,398.15094,599.2186,-237.80962,817.7439,582.83594,-272.68674,422.555,606.91504,-261.7638,806.87646,571.2158,-247.26149,437.93658,595.097,-226.87929,684.84143,444.91336,-8.072432,587.33563,447.6853,7.4673357,705.9911,427.72195,556.542,614.6637,433.27448,549.8443,694.63446,397.47638,1161.2103,638.06903,407.00732,1175.5344,696.37756,382.56226,1236.014,643.3892,389.50577,1257.9784,699.2014,464.89136,1331.4321,642.7539,475.3275,1391.8716
image_198.jpg,604.5007,644.7024,-909.85974,618.57294,636.3809,-928.56836,623.3286,639.1388,-928.59015,628.19244,641.79407,-928.9369,606.2352,623.80695,-930.2764,602.53467,617.74536,-929.80383,598.88745,611.58325,-929.41797,641.5564,628.48737,-832.3877,594.4604,586.0743,-833.70544,608.41156,644.58795,-854.15436,598.1902,630.5768,-853.8241,705.5859,590.167,-635.6315,520.14166,510.209,-651.7245,816.8978,555.40436,-472.88907,398.47638,470.43817,-442.48285,834.0065,620.6241,-389.23132,418.07166,598.49634,-314.82037,847.7068,630.4891,-433.93176,406.9793,618.69946,-306.85574,832.8094,625.5973,-418.25467,431.02493,618.37146,-331.38126,824.50146,617.1841,-380.80328,445.93768,614.93384,-316.96756,710.4286,482.41504,-15.294534,624.6775,462.22513,15.011183,751.48035,460.28656,435.45743,627.563,482.5037,368.27924,770.9034,443.19955,922.81616,633.46387,473.63525,815.1733,778.0979,431.58118,981.85693,642.24536,464.8753,869.5881,759.0256,477.13922,1101.2054,629.4639,516.78033,986.475
image_199.jpg,622.8241,639.2176,-1075.4536,643.9464,626.08813,-1073.7599,654.2074,629.57983,-1074.2064,664.154,632.7895,-1074.134,615.3946,609.5224,-1077.3518,605.5167,602.1613,-1077.9222,595.5907,594.64465,-1078.1198,677.32574,617.51196,-884.4829,577.0016,560.2174,-913.6444,621.9204,640.6208,-990.3734,595.03394,626.19037,-994.6832,717.4774,557.99133,-606.26337,489.89777,526.1542,-673.85675,799.72925,481.81927,-320.6789,439.84436,446.96463,-318.216,853.9198,573.17145,-235.19394,439.673,576.98645,-134.56293,875.68005,594.6887,-234.62984,413.42484,601.5488,-128.34843,847.5215,594.78754,-249.69344,442.8508,621.07587,-154.64671,829.022,585.79474,-231.01164,456.2708,610.3804,-135.15773,673.63275,433.3835,18.031116,564.2358,427.0911,-18.342335,666.3152,480.33517,525.28125,515.0066,465.31747,453.72717,645.37256,447.27448,1096.623,567.6096,450.4885,1049.0205,646.4533,432.3189,1163.5808,582.69586,448.98218,1124.7347,631.1431,480.10486,1237.635,577.66473,458.02402,1219.5936
image_200.jpg,528.1797,537.03345,-296.6095,522.10114,536.3942,-305.2901,522.4493,535.8044,-305.17328,522.7713,535.03424,-305.4279,521.26636,537.32996,-316.0582,520.7949,537.8612,-315.89114,520.4343,538.4864,-315.73575,526.4249,531.3741,-264.72134,523.7192,537.1549,-316.59384,536.4385,533.58484,-274.02502,535.998,536.45685,-287.96808,598.24585,508.7308,-183.26117,535.56165,519.90735,-317.42935,695.74854,512.4577,-126.72733,490.00494,533.2612,-342.7116,756.24396,572.4019,-112.83166,494.59427,584.659,-355.55908,777.613,585.15063,-131.46523,491.82083,604.2135,-365.35614,770.7425,594.3014,-135.19472,505.29086,602.7497,-367.23438,759.2942,588.56604,-117.035904,509.86984,596.4175,-358.20184,697.29395,495.15933,54.45331,679.9081,499.2103,-53.577415,777.15826,490.20825,221.28868,778.6072,498.79114,-11.371935,735.6847,545.4819,343.60806,737.7284,564.811,85.712585,722.33307,545.4156,356.17276,723.72424,568.24524,98.028046,746.7855,591.07654,375.491,756.025,611.479,106.86886
